Fecha,ID_Fecha,Año,Trimestre,Mes,Nombre_Mes,Mes_Corto,Semana_Año,Dia_Mes,Dia_Año,Dia_Semana,Nombre_Dia,Dia_Corto,Es_Fin_Semana,Es_Festivo
2022-01-01,20220101,2022,1,1,January,Jan,52,1,1,6,Saturday,Sat,1,0
2022-01-02,20220102,2022,1,1,January,Jan,52,2,2,7,Sunday,Sun,1,0
2022-01-03,20220103,2022,1,1,January,Jan,1,3,3,1,Monday,Mon,0,0
2022-01-04,20220104,2022,1,1,January,Jan,1,4,4,2,Tuesday,Tue,0,0
2022-01-05,20220105,2022,1,1,January,Jan,1,5,5,3,Wednesday,Wed,0,0
2022-01-06,20220106,2022,1,1,January,Jan,1,6,6,4,Thursday,Thu,0,0
2022-01-07,20220107,2022,1,1,January,Jan,1,7,7,5,Friday,Fri,0,0
2022-01-08,20220108,2022,1,1,January,Jan,1,8,8,6,Saturday,Sat,1,0
2022-01-09,20220109,2022,1,1,January,Jan,1,9,9,7,Sunday,Sun,1,0
2022-01-10,20220110,2022,1,1,January,Jan,2,10,10,1,Monday,Mon,0,0
2022-01-11,20220111,2022,1,1,January,Jan,2,11,11,2,Tuesday,Tue,0,0
2022-01-12,20220112,2022,1,1,January,Jan,2,12,12,3,Wednesday,Wed,0,0
2022-01-13,20220113,2022,1,1,January,Jan,2,13,13,4,Thursday,Thu,0,0
2022-01-14,20220114,2022,1,1,January,Jan,2,14,14,5,Friday,Fri,0,0
2022-01-15,20220115,2022,1,1,January,Jan,2,15,15,6,Saturday,Sat,1,0
2022-01-16,20220116,2022,1,1,January,Jan,2,16,16,7,Sunday,Sun,1,0
2022-01-17,20220117,2022,1,1,January,Jan,3,17,17,1,Monday,Mon,0,0
2022-01-18,20220118,2022,1,1,January,Jan,3,18,18,2,Tuesday,Tue,0,0
2022-01-19,20220119,2022,1,1,January,Jan,3,19,19,3,Wednesday,Wed,0,0
2022-01-20,20220120,2022,1,1,January,Jan,3,20,20,4,Thursday,Thu,0,0
2022-01-21,20220121,2022,1,1,January,Jan,3,21,21,5,Friday,Fri,0,0
2022-01-22,20220122,2022,1,1,January,Jan,3,22,22,6,Saturday,Sat,1,0
2022-01-23,20220123,2022,1,1,January,Jan,3,23,23,7,Sunday,Sun,1,0
2022-01-24,20220124,2022,1,1,January,Jan,4,24,24,1,Monday,Mon,0,0
2022-01-25,20220125,2022,1,1,January,Jan,4,25,25,2,Tuesday,Tue,0,0
2022-01-26,20220126,2022,1,1,January,Jan,4,26,26,3,Wednesday,Wed,0,0
2022-01-27,20220127,2022,1,1,January,Jan,4,27,27,4,Thursday,Thu,0,0
2022-01-28,20220128,2022,1,1,January,Jan,4,28,28,5,Friday,Fri,0,0
2022-01-29,20220129,2022,1,1,January,Jan,4,29,29,6,Saturday,Sat,1,0
2022-01-30,20220130,2022,1,1,January,Jan,4,30,30,7,Sunday,Sun,1,0
2022-01-31,20220131,2022,1,1,January,Jan,5,31,31,1,Monday,Mon,0,0
2022-02-01,20220201,2022,1,2,February,Feb,5,1,32,2,Tuesday,Tue,0,0
2022-02-02,20220202,2022,1,2,February,Feb,5,2,33,3,Wednesday,Wed,0,0
2022-02-03,20220203,2022,1,2,February,Feb,5,3,34,4,Thursday,Thu,0,0
2022-02-04,20220204,2022,1,2,February,Feb,5,4,35,5,Friday,Fri,0,0
2022-02-05,20220205,2022,1,2,February,Feb,5,5,36,6,Saturday,Sat,1,0
2022-02-06,20220206,2022,1,2,February,Feb,5,6,37,7,Sunday,Sun,1,0
2022-02-07,20220207,2022,1,2,February,Feb,6,7,38,1,Monday,Mon,0,0
2022-02-08,20220208,2022,1,2,February,Feb,6,8,39,2,Tuesday,Tue,0,0
2022-02-09,20220209,2022,1,2,February,Feb,6,9,40,3,Wednesday,Wed,0,0
2022-02-10,20220210,2022,1,2,February,Feb,6,10,41,4,Thursday,Thu,0,0
2022-02-11,20220211,2022,1,2,February,Feb,6,11,42,5,Friday,Fri,0,0
2022-02-12,20220212,2022,1,2,February,Feb,6,12,43,6,Saturday,Sat,1,0
2022-02-13,20220213,2022,1,2,February,Feb,6,13,44,7,Sunday,Sun,1,0
2022-02-14,20220214,2022,1,2,February,Feb,7,14,45,1,Monday,Mon,0,0
2022-02-15,20220215,2022,1,2,February,Feb,7,15,46,2,Tuesday,Tue,0,0
2022-02-16,20220216,2022,1,2,February,Feb,7,16,47,3,Wednesday,Wed,0,0
2022-02-17,20220217,2022,1,2,February,Feb,7,17,48,4,Thursday,Thu,0,0
2022-02-18,20220218,2022,1,2,February,Feb,7,18,49,5,Friday,Fri,0,0
2022-02-19,20220219,2022,1,2,February,Feb,7,19,50,6,Saturday,Sat,1,0
2022-02-20,20220220,2022,1,2,February,Feb,7,20,51,7,Sunday,Sun,1,0
2022-02-21,20220221,2022,1,2,February,Feb,8,21,52,1,Monday,Mon,0,0
2022-02-22,20220222,2022,1,2,February,Feb,8,22,53,2,Tuesday,Tue,0,0
2022-02-23,20220223,2022,1,2,February,Feb,8,23,54,3,Wednesday,Wed,0,0
2022-02-24,20220224,2022,1,2,February,Feb,8,24,55,4,Thursday,Thu,0,0
2022-02-25,20220225,2022,1,2,February,Feb,8,25,56,5,Friday,Fri,0,0
2022-02-26,20220226,2022,1,2,February,Feb,8,26,57,6,Saturday,Sat,1,0
2022-02-27,20220227,2022,1,2,February,Feb,8,27,58,7,Sunday,Sun,1,0
2022-02-28,20220228,2022,1,2,February,Feb,9,28,59,1,Monday,Mon,0,0
2022-03-01,20220301,2022,1,3,March,Mar,9,1,60,2,Tuesday,Tue,0,0
2022-03-02,20220302,2022,1,3,March,Mar,9,2,61,3,Wednesday,Wed,0,0
2022-03-03,20220303,2022,1,3,March,Mar,9,3,62,4,Thursday,Thu,0,0
2022-03-04,20220304,2022,1,3,March,Mar,9,4,63,5,Friday,Fri,0,0
2022-03-05,20220305,2022,1,3,March,Mar,9,5,64,6,Saturday,Sat,1,0
2022-03-06,20220306,2022,1,3,March,Mar,9,6,65,7,Sunday,Sun,1,0
2022-03-07,20220307,2022,1,3,March,Mar,10,7,66,1,Monday,Mon,0,0
2022-03-08,20220308,2022,1,3,March,Mar,10,8,67,2,Tuesday,Tue,0,0
2022-03-09,20220309,2022,1,3,March,Mar,10,9,68,3,Wednesday,Wed,0,0
2022-03-10,20220310,2022,1,3,March,Mar,10,10,69,4,Thursday,Thu,0,0
2022-03-11,20220311,2022,1,3,March,Mar,10,11,70,5,Friday,Fri,0,0
2022-03-12,20220312,2022,1,3,March,Mar,10,12,71,6,Saturday,Sat,1,0
2022-03-13,20220313,2022,1,3,March,Mar,10,13,72,7,Sunday,Sun,1,0
2022-03-14,20220314,2022,1,3,March,Mar,11,14,73,1,Monday,Mon,0,0
2022-03-15,20220315,2022,1,3,March,Mar,11,15,74,2,Tuesday,Tue,0,0
2022-03-16,20220316,2022,1,3,March,Mar,11,16,75,3,Wednesday,Wed,0,0
2022-03-17,20220317,2022,1,3,March,Mar,11,17,76,4,Thursday,Thu,0,0
2022-03-18,20220318,2022,1,3,March,Mar,11,18,77,5,Friday,Fri,0,0
2022-03-19,20220319,2022,1,3,March,Mar,11,19,78,6,Saturday,Sat,1,0
2022-03-20,20220320,2022,1,3,March,Mar,11,20,79,7,Sunday,Sun,1,0
2022-03-21,20220321,2022,1,3,March,Mar,12,21,80,1,Monday,Mon,0,0
2022-03-22,20220322,2022,1,3,March,Mar,12,22,81,2,Tuesday,Tue,0,0
2022-03-23,20220323,2022,1,3,March,Mar,12,23,82,3,Wednesday,Wed,0,0
2022-03-24,20220324,2022,1,3,March,Mar,12,24,83,4,Thursday,Thu,0,0
2022-03-25,20220325,2022,1,3,March,Mar,12,25,84,5,Friday,Fri,0,0
2022-03-26,20220326,2022,1,3,March,Mar,12,26,85,6,Saturday,Sat,1,0
2022-03-27,20220327,2022,1,3,March,Mar,12,27,86,7,Sunday,Sun,1,0
2022-03-28,20220328,2022,1,3,March,Mar,13,28,87,1,Monday,Mon,0,0
2022-03-29,20220329,2022,1,3,March,Mar,13,29,88,2,Tuesday,Tue,0,0
2022-03-30,20220330,2022,1,3,March,Mar,13,30,89,3,Wednesday,Wed,0,0
2022-03-31,20220331,2022,1,3,March,Mar,13,31,90,4,Thursday,Thu,0,0
2022-04-01,20220401,2022,2,4,April,Apr,13,1,91,5,Friday,Fri,0,0
2022-04-02,20220402,2022,2,4,April,Apr,13,2,92,6,Saturday,Sat,1,0
2022-04-03,20220403,2022,2,4,April,Apr,13,3,93,7,Sunday,Sun,1,0
2022-04-04,20220404,2022,2,4,April,Apr,14,4,94,1,Monday,Mon,0,0
2022-04-05,20220405,2022,2,4,April,Apr,14,5,95,2,Tuesday,Tue,0,0
2022-04-06,20220406,2022,2,4,April,Apr,14,6,96,3,Wednesday,Wed,0,0
2022-04-07,20220407,2022,2,4,April,Apr,14,7,97,4,Thursday,Thu,0,0
2022-04-08,20220408,2022,2,4,April,Apr,14,8,98,5,Friday,Fri,0,0
2022-04-09,20220409,2022,2,4,April,Apr,14,9,99,6,Saturday,Sat,1,0
2022-04-10,20220410,2022,2,4,April,Apr,14,10,100,7,Sunday,Sun,1,0
2022-04-11,20220411,2022,2,4,April,Apr,15,11,101,1,Monday,Mon,0,0
2022-04-12,20220412,2022,2,4,April,Apr,15,12,102,2,Tuesday,Tue,0,0
2022-04-13,20220413,2022,2,4,April,Apr,15,13,103,3,Wednesday,Wed,0,0
2022-04-14,20220414,2022,2,4,April,Apr,15,14,104,4,Thursday,Thu,0,0
2022-04-15,20220415,2022,2,4,April,Apr,15,15,105,5,Friday,Fri,0,0
2022-04-16,20220416,2022,2,4,April,Apr,15,16,106,6,Saturday,Sat,1,0
2022-04-17,20220417,2022,2,4,April,Apr,15,17,107,7,Sunday,Sun,1,0
2022-04-18,20220418,2022,2,4,April,Apr,16,18,108,1,Monday,Mon,0,0
2022-04-19,20220419,2022,2,4,April,Apr,16,19,109,2,Tuesday,Tue,0,0
2022-04-20,20220420,2022,2,4,April,Apr,16,20,110,3,Wednesday,Wed,0,0
2022-04-21,20220421,2022,2,4,April,Apr,16,21,111,4,Thursday,Thu,0,0
2022-04-22,20220422,2022,2,4,April,Apr,16,22,112,5,Friday,Fri,0,0
2022-04-23,20220423,2022,2,4,April,Apr,16,23,113,6,Saturday,Sat,1,0
2022-04-24,20220424,2022,2,4,April,Apr,16,24,114,7,Sunday,Sun,1,0
2022-04-25,20220425,2022,2,4,April,Apr,17,25,115,1,Monday,Mon,0,0
2022-04-26,20220426,2022,2,4,April,Apr,17,26,116,2,Tuesday,Tue,0,0
2022-04-27,20220427,2022,2,4,April,Apr,17,27,117,3,Wednesday,Wed,0,0
2022-04-28,20220428,2022,2,4,April,Apr,17,28,118,4,Thursday,Thu,0,0
2022-04-29,20220429,2022,2,4,April,Apr,17,29,119,5,Friday,Fri,0,0
2022-04-30,20220430,2022,2,4,April,Apr,17,30,120,6,Saturday,Sat,1,0
2022-05-01,20220501,2022,2,5,May,May,17,1,121,7,Sunday,Sun,1,0
2022-05-02,20220502,2022,2,5,May,May,18,2,122,1,Monday,Mon,0,0
2022-05-03,20220503,2022,2,5,May,May,18,3,123,2,Tuesday,Tue,0,0
2022-05-04,20220504,2022,2,5,May,May,18,4,124,3,Wednesday,Wed,0,0
2022-05-05,20220505,2022,2,5,May,May,18,5,125,4,Thursday,Thu,0,0
2022-05-06,20220506,2022,2,5,May,May,18,6,126,5,Friday,Fri,0,0
2022-05-07,20220507,2022,2,5,May,May,18,7,127,6,Saturday,Sat,1,0
2022-05-08,20220508,2022,2,5,May,May,18,8,128,7,Sunday,Sun,1,0
2022-05-09,20220509,2022,2,5,May,May,19,9,129,1,Monday,Mon,0,0
2022-05-10,20220510,2022,2,5,May,May,19,10,130,2,Tuesday,Tue,0,0
2022-05-11,20220511,2022,2,5,May,May,19,11,131,3,Wednesday,Wed,0,0
2022-05-12,20220512,2022,2,5,May,May,19,12,132,4,Thursday,Thu,0,0
2022-05-13,20220513,2022,2,5,May,May,19,13,133,5,Friday,Fri,0,0
2022-05-14,20220514,2022,2,5,May,May,19,14,134,6,Saturday,Sat,1,0
2022-05-15,20220515,2022,2,5,May,May,19,15,135,7,Sunday,Sun,1,0
2022-05-16,20220516,2022,2,5,May,May,20,16,136,1,Monday,Mon,0,0
2022-05-17,20220517,2022,2,5,May,May,20,17,137,2,Tuesday,Tue,0,0
2022-05-18,20220518,2022,2,5,May,May,20,18,138,3,Wednesday,Wed,0,0
2022-05-19,20220519,2022,2,5,May,May,20,19,139,4,Thursday,Thu,0,0
2022-05-20,20220520,2022,2,5,May,May,20,20,140,5,Friday,Fri,0,0
2022-05-21,20220521,2022,2,5,May,May,20,21,141,6,Saturday,Sat,1,0
2022-05-22,20220522,2022,2,5,May,May,20,22,142,7,Sunday,Sun,1,0
2022-05-23,20220523,2022,2,5,May,May,21,23,143,1,Monday,Mon,0,0
2022-05-24,20220524,2022,2,5,May,May,21,24,144,2,Tuesday,Tue,0,0
2022-05-25,20220525,2022,2,5,May,May,21,25,145,3,Wednesday,Wed,0,0
2022-05-26,20220526,2022,2,5,May,May,21,26,146,4,Thursday,Thu,0,0
2022-05-27,20220527,2022,2,5,May,May,21,27,147,5,Friday,Fri,0,0
2022-05-28,20220528,2022,2,5,May,May,21,28,148,6,Saturday,Sat,1,0
2022-05-29,20220529,2022,2,5,May,May,21,29,149,7,Sunday,Sun,1,0
2022-05-30,20220530,2022,2,5,May,May,22,30,150,1,Monday,Mon,0,0
2022-05-31,20220531,2022,2,5,May,May,22,31,151,2,Tuesday,Tue,0,0
2022-06-01,20220601,2022,2,6,June,Jun,22,1,152,3,Wednesday,Wed,0,0
2022-06-02,20220602,2022,2,6,June,Jun,22,2,153,4,Thursday,Thu,0,0
2022-06-03,20220603,2022,2,6,June,Jun,22,3,154,5,Friday,Fri,0,0
2022-06-04,20220604,2022,2,6,June,Jun,22,4,155,6,Saturday,Sat,1,0
2022-06-05,20220605,2022,2,6,June,Jun,22,5,156,7,Sunday,Sun,1,0
2022-06-06,20220606,2022,2,6,June,Jun,23,6,157,1,Monday,Mon,0,0
2022-06-07,20220607,2022,2,6,June,Jun,23,7,158,2,Tuesday,Tue,0,0
2022-06-08,20220608,2022,2,6,June,Jun,23,8,159,3,Wednesday,Wed,0,0
2022-06-09,20220609,2022,2,6,June,Jun,23,9,160,4,Thursday,Thu,0,0
2022-06-10,20220610,2022,2,6,June,Jun,23,10,161,5,Friday,Fri,0,0
2022-06-11,20220611,2022,2,6,June,Jun,23,11,162,6,Saturday,Sat,1,0
2022-06-12,20220612,2022,2,6,June,Jun,23,12,163,7,Sunday,Sun,1,0
2022-06-13,20220613,2022,2,6,June,Jun,24,13,164,1,Monday,Mon,0,0
2022-06-14,20220614,2022,2,6,June,Jun,24,14,165,2,Tuesday,Tue,0,0
2022-06-15,20220615,2022,2,6,June,Jun,24,15,166,3,Wednesday,Wed,0,0
2022-06-16,20220616,2022,2,6,June,Jun,24,16,167,4,Thursday,Thu,0,0
2022-06-17,20220617,2022,2,6,June,Jun,24,17,168,5,Friday,Fri,0,0
2022-06-18,20220618,2022,2,6,June,Jun,24,18,169,6,Saturday,Sat,1,0
2022-06-19,20220619,2022,2,6,June,Jun,24,19,170,7,Sunday,Sun,1,0
2022-06-20,20220620,2022,2,6,June,Jun,25,20,171,1,Monday,Mon,0,0
2022-06-21,20220621,2022,2,6,June,Jun,25,21,172,2,Tuesday,Tue,0,0
2022-06-22,20220622,2022,2,6,June,Jun,25,22,173,3,Wednesday,Wed,0,0
2022-06-23,20220623,2022,2,6,June,Jun,25,23,174,4,Thursday,Thu,0,0
2022-06-24,20220624,2022,2,6,June,Jun,25,24,175,5,Friday,Fri,0,0
2022-06-25,20220625,2022,2,6,June,Jun,25,25,176,6,Saturday,Sat,1,0
2022-06-26,20220626,2022,2,6,June,Jun,25,26,177,7,Sunday,Sun,1,0
2022-06-27,20220627,2022,2,6,June,Jun,26,27,178,1,Monday,Mon,0,0
2022-06-28,20220628,2022,2,6,June,Jun,26,28,179,2,Tuesday,Tue,0,0
2022-06-29,20220629,2022,2,6,June,Jun,26,29,180,3,Wednesday,Wed,0,0
2022-06-30,20220630,2022,2,6,June,Jun,26,30,181,4,Thursday,Thu,0,0
2022-07-01,20220701,2022,3,7,July,Jul,26,1,182,5,Friday,Fri,0,0
2022-07-02,20220702,2022,3,7,July,Jul,26,2,183,6,Saturday,Sat,1,0
2022-07-03,20220703,2022,3,7,July,Jul,26,3,184,7,Sunday,Sun,1,0
2022-07-04,20220704,2022,3,7,July,Jul,27,4,185,1,Monday,Mon,0,0
2022-07-05,20220705,2022,3,7,July,Jul,27,5,186,2,Tuesday,Tue,0,0
2022-07-06,20220706,2022,3,7,July,Jul,27,6,187,3,Wednesday,Wed,0,0
2022-07-07,20220707,2022,3,7,July,Jul,27,7,188,4,Thursday,Thu,0,0
2022-07-08,20220708,2022,3,7,July,Jul,27,8,189,5,Friday,Fri,0,0
2022-07-09,20220709,2022,3,7,July,Jul,27,9,190,6,Saturday,Sat,1,0
2022-07-10,20220710,2022,3,7,July,Jul,27,10,191,7,Sunday,Sun,1,0
2022-07-11,20220711,2022,3,7,July,Jul,28,11,192,1,Monday,Mon,0,0
2022-07-12,20220712,2022,3,7,July,Jul,28,12,193,2,Tuesday,Tue,0,0
2022-07-13,20220713,2022,3,7,July,Jul,28,13,194,3,Wednesday,Wed,0,0
2022-07-14,20220714,2022,3,7,July,Jul,28,14,195,4,Thursday,Thu,0,0
2022-07-15,20220715,2022,3,7,July,Jul,28,15,196,5,Friday,Fri,0,0
2022-07-16,20220716,2022,3,7,July,Jul,28,16,197,6,Saturday,Sat,1,0
2022-07-17,20220717,2022,3,7,July,Jul,28,17,198,7,Sunday,Sun,1,0
2022-07-18,20220718,2022,3,7,July,Jul,29,18,199,1,Monday,Mon,0,0
2022-07-19,20220719,2022,3,7,July,Jul,29,19,200,2,Tuesday,Tue,0,0
2022-07-20,20220720,2022,3,7,July,Jul,29,20,201,3,Wednesday,Wed,0,0
2022-07-21,20220721,2022,3,7,July,Jul,29,21,202,4,Thursday,Thu,0,0
2022-07-22,20220722,2022,3,7,July,Jul,29,22,203,5,Friday,Fri,0,0
2022-07-23,20220723,2022,3,7,July,Jul,29,23,204,6,Saturday,Sat,1,0
2022-07-24,20220724,2022,3,7,July,Jul,29,24,205,7,Sunday,Sun,1,0
2022-07-25,20220725,2022,3,7,July,Jul,30,25,206,1,Monday,Mon,0,0
2022-07-26,20220726,2022,3,7,July,Jul,30,26,207,2,Tuesday,Tue,0,0
2022-07-27,20220727,2022,3,7,July,Jul,30,27,208,3,Wednesday,Wed,0,0
2022-07-28,20220728,2022,3,7,July,Jul,30,28,209,4,Thursday,Thu,0,0
2022-07-29,20220729,2022,3,7,July,Jul,30,29,210,5,Friday,Fri,0,0
2022-07-30,20220730,2022,3,7,July,Jul,30,30,211,6,Saturday,Sat,1,0
2022-07-31,20220731,2022,3,7,July,Jul,30,31,212,7,Sunday,Sun,1,0
2022-08-01,20220801,2022,3,8,August,Aug,31,1,213,1,Monday,Mon,0,0
2022-08-02,20220802,2022,3,8,August,Aug,31,2,214,2,Tuesday,Tue,0,0
2022-08-03,20220803,2022,3,8,August,Aug,31,3,215,3,Wednesday,Wed,0,0
2022-08-04,20220804,2022,3,8,August,Aug,31,4,216,4,Thursday,Thu,0,0
2022-08-05,20220805,2022,3,8,August,Aug,31,5,217,5,Friday,Fri,0,0
2022-08-06,20220806,2022,3,8,August,Aug,31,6,218,6,Saturday,Sat,1,0
2022-08-07,20220807,2022,3,8,August,Aug,31,7,219,7,Sunday,Sun,1,0
2022-08-08,20220808,2022,3,8,August,Aug,32,8,220,1,Monday,Mon,0,0
2022-08-09,20220809,2022,3,8,August,Aug,32,9,221,2,Tuesday,Tue,0,0
2022-08-10,20220810,2022,3,8,August,Aug,32,10,222,3,Wednesday,Wed,0,0
2022-08-11,20220811,2022,3,8,August,Aug,32,11,223,4,Thursday,Thu,0,0
2022-08-12,20220812,2022,3,8,August,Aug,32,12,224,5,Friday,Fri,0,0
2022-08-13,20220813,2022,3,8,August,Aug,32,13,225,6,Saturday,Sat,1,0
2022-08-14,20220814,2022,3,8,August,Aug,32,14,226,7,Sunday,Sun,1,0
2022-08-15,20220815,2022,3,8,August,Aug,33,15,227,1,Monday,Mon,0,0
2022-08-16,20220816,2022,3,8,August,Aug,33,16,228,2,Tuesday,Tue,0,0
2022-08-17,20220817,2022,3,8,August,Aug,33,17,229,3,Wednesday,Wed,0,0
2022-08-18,20220818,2022,3,8,August,Aug,33,18,230,4,Thursday,Thu,0,0
2022-08-19,20220819,2022,3,8,August,Aug,33,19,231,5,Friday,Fri,0,0
2022-08-20,20220820,2022,3,8,August,Aug,33,20,232,6,Saturday,Sat,1,0
2022-08-21,20220821,2022,3,8,August,Aug,33,21,233,7,Sunday,Sun,1,0
2022-08-22,20220822,2022,3,8,August,Aug,34,22,234,1,Monday,Mon,0,0
2022-08-23,20220823,2022,3,8,August,Aug,34,23,235,2,Tuesday,Tue,0,0
2022-08-24,20220824,2022,3,8,August,Aug,34,24,236,3,Wednesday,Wed,0,0
2022-08-25,20220825,2022,3,8,August,Aug,34,25,237,4,Thursday,Thu,0,0
2022-08-26,20220826,2022,3,8,August,Aug,34,26,238,5,Friday,Fri,0,0
2022-08-27,20220827,2022,3,8,August,Aug,34,27,239,6,Saturday,Sat,1,0
2022-08-28,20220828,2022,3,8,August,Aug,34,28,240,7,Sunday,Sun,1,0
2022-08-29,20220829,2022,3,8,August,Aug,35,29,241,1,Monday,Mon,0,0
2022-08-30,20220830,2022,3,8,August,Aug,35,30,242,2,Tuesday,Tue,0,0
2022-08-31,20220831,2022,3,8,August,Aug,35,31,243,3,Wednesday,Wed,0,0
2022-09-01,20220901,2022,3,9,September,Sep,35,1,244,4,Thursday,Thu,0,0
2022-09-02,20220902,2022,3,9,September,Sep,35,2,245,5,Friday,Fri,0,0
2022-09-03,20220903,2022,3,9,September,Sep,35,3,246,6,Saturday,Sat,1,0
2022-09-04,20220904,2022,3,9,September,Sep,35,4,247,7,Sunday,Sun,1,0
2022-09-05,20220905,2022,3,9,September,Sep,36,5,248,1,Monday,Mon,0,0
2022-09-06,20220906,2022,3,9,September,Sep,36,6,249,2,Tuesday,Tue,0,0
2022-09-07,20220907,2022,3,9,September,Sep,36,7,250,3,Wednesday,Wed,0,0
2022-09-08,20220908,2022,3,9,September,Sep,36,8,251,4,Thursday,Thu,0,0
2022-09-09,20220909,2022,3,9,September,Sep,36,9,252,5,Friday,Fri,0,0
2022-09-10,20220910,2022,3,9,September,Sep,36,10,253,6,Saturday,Sat,1,0
2022-09-11,20220911,2022,3,9,September,Sep,36,11,254,7,Sunday,Sun,1,0
2022-09-12,20220912,2022,3,9,September,Sep,37,12,255,1,Monday,Mon,0,0
2022-09-13,20220913,2022,3,9,September,Sep,37,13,256,2,Tuesday,Tue,0,0
2022-09-14,20220914,2022,3,9,September,Sep,37,14,257,3,Wednesday,Wed,0,0
2022-09-15,20220915,2022,3,9,September,Sep,37,15,258,4,Thursday,Thu,0,0
2022-09-16,20220916,2022,3,9,September,Sep,37,16,259,5,Friday,Fri,0,0
2022-09-17,20220917,2022,3,9,September,Sep,37,17,260,6,Saturday,Sat,1,0
2022-09-18,20220918,2022,3,9,September,Sep,37,18,261,7,Sunday,Sun,1,0
2022-09-19,20220919,2022,3,9,September,Sep,38,19,262,1,Monday,Mon,0,0
2022-09-20,20220920,2022,3,9,September,Sep,38,20,263,2,Tuesday,Tue,0,0
2022-09-21,20220921,2022,3,9,September,Sep,38,21,264,3,Wednesday,Wed,0,0
2022-09-22,20220922,2022,3,9,September,Sep,38,22,265,4,Thursday,Thu,0,0
2022-09-23,20220923,2022,3,9,September,Sep,38,23,266,5,Friday,Fri,0,0
2022-09-24,20220924,2022,3,9,September,Sep,38,24,267,6,Saturday,Sat,1,0
2022-09-25,20220925,2022,3,9,September,Sep,38,25,268,7,Sunday,Sun,1,0
2022-09-26,20220926,2022,3,9,September,Sep,39,26,269,1,Monday,Mon,0,0
2022-09-27,20220927,2022,3,9,September,Sep,39,27,270,2,Tuesday,Tue,0,0
2022-09-28,20220928,2022,3,9,September,Sep,39,28,271,3,Wednesday,Wed,0,0
2022-09-29,20220929,2022,3,9,September,Sep,39,29,272,4,Thursday,Thu,0,0
2022-09-30,20220930,2022,3,9,September,Sep,39,30,273,5,Friday,Fri,0,0
2022-10-01,20221001,2022,4,10,October,Oct,39,1,274,6,Saturday,Sat,1,0
2022-10-02,20221002,2022,4,10,October,Oct,39,2,275,7,Sunday,Sun,1,0
2022-10-03,20221003,2022,4,10,October,Oct,40,3,276,1,Monday,Mon,0,0
2022-10-04,20221004,2022,4,10,October,Oct,40,4,277,2,Tuesday,Tue,0,0
2022-10-05,20221005,2022,4,10,October,Oct,40,5,278,3,Wednesday,Wed,0,0
2022-10-06,20221006,2022,4,10,October,Oct,40,6,279,4,Thursday,Thu,0,0
2022-10-07,20221007,2022,4,10,October,Oct,40,7,280,5,Friday,Fri,0,0
2022-10-08,20221008,2022,4,10,October,Oct,40,8,281,6,Saturday,Sat,1,0
2022-10-09,20221009,2022,4,10,October,Oct,40,9,282,7,Sunday,Sun,1,0
2022-10-10,20221010,2022,4,10,October,Oct,41,10,283,1,Monday,Mon,0,0
2022-10-11,20221011,2022,4,10,October,Oct,41,11,284,2,Tuesday,Tue,0,0
2022-10-12,20221012,2022,4,10,October,Oct,41,12,285,3,Wednesday,Wed,0,0
2022-10-13,20221013,2022,4,10,October,Oct,41,13,286,4,Thursday,Thu,0,0
2022-10-14,20221014,2022,4,10,October,Oct,41,14,287,5,Friday,Fri,0,0
2022-10-15,20221015,2022,4,10,October,Oct,41,15,288,6,Saturday,Sat,1,0
2022-10-16,20221016,2022,4,10,October,Oct,41,16,289,7,Sunday,Sun,1,0
2022-10-17,20221017,2022,4,10,October,Oct,42,17,290,1,Monday,Mon,0,0
2022-10-18,20221018,2022,4,10,October,Oct,42,18,291,2,Tuesday,Tue,0,0
2022-10-19,20221019,2022,4,10,October,Oct,42,19,292,3,Wednesday,Wed,0,0
2022-10-20,20221020,2022,4,10,October,Oct,42,20,293,4,Thursday,Thu,0,0
2022-10-21,20221021,2022,4,10,October,Oct,42,21,294,5,Friday,Fri,0,0
2022-10-22,20221022,2022,4,10,October,Oct,42,22,295,6,Saturday,Sat,1,0
2022-10-23,20221023,2022,4,10,October,Oct,42,23,296,7,Sunday,Sun,1,0
2022-10-24,20221024,2022,4,10,October,Oct,43,24,297,1,Monday,Mon,0,0
2022-10-25,20221025,2022,4,10,October,Oct,43,25,298,2,Tuesday,Tue,0,0
2022-10-26,20221026,2022,4,10,October,Oct,43,26,299,3,Wednesday,Wed,0,0
2022-10-27,20221027,2022,4,10,October,Oct,43,27,300,4,Thursday,Thu,0,0
2022-10-28,20221028,2022,4,10,October,Oct,43,28,301,5,Friday,Fri,0,0
2022-10-29,20221029,2022,4,10,October,Oct,43,29,302,6,Saturday,Sat,1,0
2022-10-30,20221030,2022,4,10,October,Oct,43,30,303,7,Sunday,Sun,1,0
2022-10-31,20221031,2022,4,10,October,Oct,44,31,304,1,Monday,Mon,0,0
2022-11-01,20221101,2022,4,11,November,Nov,44,1,305,2,Tuesday,Tue,0,0
2022-11-02,20221102,2022,4,11,November,Nov,44,2,306,3,Wednesday,Wed,0,0
2022-11-03,20221103,2022,4,11,November,Nov,44,3,307,4,Thursday,Thu,0,0
2022-11-04,20221104,2022,4,11,November,Nov,44,4,308,5,Friday,Fri,0,0
2022-11-05,20221105,2022,4,11,November,Nov,44,5,309,6,Saturday,Sat,1,0
2022-11-06,20221106,2022,4,11,November,Nov,44,6,310,7,Sunday,Sun,1,0
2022-11-07,20221107,2022,4,11,November,Nov,45,7,311,1,Monday,Mon,0,0
2022-11-08,20221108,2022,4,11,November,Nov,45,8,312,2,Tuesday,Tue,0,0
2022-11-09,20221109,2022,4,11,November,Nov,45,9,313,3,Wednesday,Wed,0,0
2022-11-10,20221110,2022,4,11,November,Nov,45,10,314,4,Thursday,Thu,0,0
2022-11-11,20221111,2022,4,11,November,Nov,45,11,315,5,Friday,Fri,0,0
2022-11-12,20221112,2022,4,11,November,Nov,45,12,316,6,Saturday,Sat,1,0
2022-11-13,20221113,2022,4,11,November,Nov,45,13,317,7,Sunday,Sun,1,0
2022-11-14,20221114,2022,4,11,November,Nov,46,14,318,1,Monday,Mon,0,0
2022-11-15,20221115,2022,4,11,November,Nov,46,15,319,2,Tuesday,Tue,0,0
2022-11-16,20221116,2022,4,11,November,Nov,46,16,320,3,Wednesday,Wed,0,0
2022-11-17,20221117,2022,4,11,November,Nov,46,17,321,4,Thursday,Thu,0,0
2022-11-18,20221118,2022,4,11,November,Nov,46,18,322,5,Friday,Fri,0,0
2022-11-19,20221119,2022,4,11,November,Nov,46,19,323,6,Saturday,Sat,1,0
2022-11-20,20221120,2022,4,11,November,Nov,46,20,324,7,Sunday,Sun,1,0
2022-11-21,20221121,2022,4,11,November,Nov,47,21,325,1,Monday,Mon,0,0
2022-11-22,20221122,2022,4,11,November,Nov,47,22,326,2,Tuesday,Tue,0,0
2022-11-23,20221123,2022,4,11,November,Nov,47,23,327,3,Wednesday,Wed,0,0
2022-11-24,20221124,2022,4,11,November,Nov,47,24,328,4,Thursday,Thu,0,0
2022-11-25,20221125,2022,4,11,November,Nov,47,25,329,5,Friday,Fri,0,0
2022-11-26,20221126,2022,4,11,November,Nov,47,26,330,6,Saturday,Sat,1,0
2022-11-27,20221127,2022,4,11,November,Nov,47,27,331,7,Sunday,Sun,1,0
2022-11-28,20221128,2022,4,11,November,Nov,48,28,332,1,Monday,Mon,0,0
2022-11-29,20221129,2022,4,11,November,Nov,48,29,333,2,Tuesday,Tue,0,0
2022-11-30,20221130,2022,4,11,November,Nov,48,30,334,3,Wednesday,Wed,0,0
2022-12-01,20221201,2022,4,12,December,Dec,48,1,335,4,Thursday,Thu,0,0
2022-12-02,20221202,2022,4,12,December,Dec,48,2,336,5,Friday,Fri,0,0
2022-12-03,20221203,2022,4,12,December,Dec,48,3,337,6,Saturday,Sat,1,0
2022-12-04,20221204,2022,4,12,December,Dec,48,4,338,7,Sunday,Sun,1,0
2022-12-05,20221205,2022,4,12,December,Dec,49,5,339,1,Monday,Mon,0,0
2022-12-06,20221206,2022,4,12,December,Dec,49,6,340,2,Tuesday,Tue,0,0
2022-12-07,20221207,2022,4,12,December,Dec,49,7,341,3,Wednesday,Wed,0,0
2022-12-08,20221208,2022,4,12,December,Dec,49,8,342,4,Thursday,Thu,0,0
2022-12-09,20221209,2022,4,12,December,Dec,49,9,343,5,Friday,Fri,0,0
2022-12-10,20221210,2022,4,12,December,Dec,49,10,344,6,Saturday,Sat,1,0
2022-12-11,20221211,2022,4,12,December,Dec,49,11,345,7,Sunday,Sun,1,0
2022-12-12,20221212,2022,4,12,December,Dec,50,12,346,1,Monday,Mon,0,0
2022-12-13,20221213,2022,4,12,December,Dec,50,13,347,2,Tuesday,Tue,0,0
2022-12-14,20221214,2022,4,12,December,Dec,50,14,348,3,Wednesday,Wed,0,0
2022-12-15,20221215,2022,4,12,December,Dec,50,15,349,4,Thursday,Thu,0,0
2022-12-16,20221216,2022,4,12,December,Dec,50,16,350,5,Friday,Fri,0,0
2022-12-17,20221217,2022,4,12,December,Dec,50,17,351,6,Saturday,Sat,1,0
2022-12-18,20221218,2022,4,12,December,Dec,50,18,352,7,Sunday,Sun,1,0
2022-12-19,20221219,2022,4,12,December,Dec,51,19,353,1,Monday,Mon,0,0
2022-12-20,20221220,2022,4,12,December,Dec,51,20,354,2,Tuesday,Tue,0,0
2022-12-21,20221221,2022,4,12,December,Dec,51,21,355,3,Wednesday,Wed,0,0
2022-12-22,20221222,2022,4,12,December,Dec,51,22,356,4,Thursday,Thu,0,0
2022-12-23,20221223,2022,4,12,December,Dec,51,23,357,5,Friday,Fri,0,0
2022-12-24,20221224,2022,4,12,December,Dec,51,24,358,6,Saturday,Sat,1,0
2022-12-25,20221225,2022,4,12,December,Dec,51,25,359,7,Sunday,Sun,1,0
2022-12-26,20221226,2022,4,12,December,Dec,52,26,360,1,Monday,Mon,0,0
2022-12-27,20221227,2022,4,12,December,Dec,52,27,361,2,Tuesday,Tue,0,0
2022-12-28,20221228,2022,4,12,December,Dec,52,28,362,3,Wednesday,Wed,0,0
2022-12-29,20221229,2022,4,12,December,Dec,52,29,363,4,Thursday,Thu,0,0
2022-12-30,20221230,2022,4,12,December,Dec,52,30,364,5,Friday,Fri,0,0
2022-12-31,20221231,2022,4,12,December,Dec,52,31,365,6,Saturday,Sat,1,0
2023-01-01,20230101,2023,1,1,January,Jan,52,1,1,7,Sunday,Sun,1,1
2023-01-02,20230102,2023,1,1,January,Jan,1,2,2,1,Monday,Mon,0,0
2023-01-03,20230103,2023,1,1,January,Jan,1,3,3,2,Tuesday,Tue,0,0
2023-01-04,20230104,2023,1,1,January,Jan,1,4,4,3,Wednesday,Wed,0,0
2023-01-05,20230105,2023,1,1,January,Jan,1,5,5,4,Thursday,Thu,0,0
2023-01-06,20230106,2023,1,1,January,Jan,1,6,6,5,Friday,Fri,0,0
2023-01-07,20230107,2023,1,1,January,Jan,1,7,7,6,Saturday,Sat,1,0
2023-01-08,20230108,2023,1,1,January,Jan,1,8,8,7,Sunday,Sun,1,0
2023-01-09,20230109,2023,1,1,January,Jan,2,9,9,1,Monday,Mon,0,0
2023-01-10,20230110,2023,1,1,January,Jan,2,10,10,2,Tuesday,Tue,0,0
2023-01-11,20230111,2023,1,1,January,Jan,2,11,11,3,Wednesday,Wed,0,0
2023-01-12,20230112,2023,1,1,January,Jan,2,12,12,4,Thursday,Thu,0,0
2023-01-13,20230113,2023,1,1,January,Jan,2,13,13,5,Friday,Fri,0,0
2023-01-14,20230114,2023,1,1,January,Jan,2,14,14,6,Saturday,Sat,1,0
2023-01-15,20230115,2023,1,1,January,Jan,2,15,15,7,Sunday,Sun,1,0
2023-01-16,20230116,2023,1,1,January,Jan,3,16,16,1,Monday,Mon,0,0
2023-01-17,20230117,2023,1,1,January,Jan,3,17,17,2,Tuesday,Tue,0,0
2023-01-18,20230118,2023,1,1,January,Jan,3,18,18,3,Wednesday,Wed,0,0
2023-01-19,20230119,2023,1,1,January,Jan,3,19,19,4,Thursday,Thu,0,0
2023-01-20,20230120,2023,1,1,January,Jan,3,20,20,5,Friday,Fri,0,0
2023-01-21,20230121,2023,1,1,January,Jan,3,21,21,6,Saturday,Sat,1,0
2023-01-22,20230122,2023,1,1,January,Jan,3,22,22,7,Sunday,Sun,1,0
2023-01-23,20230123,2023,1,1,January,Jan,4,23,23,1,Monday,Mon,0,0
2023-01-24,20230124,2023,1,1,January,Jan,4,24,24,2,Tuesday,Tue,0,0
2023-01-25,20230125,2023,1,1,January,Jan,4,25,25,3,Wednesday,Wed,0,0
2023-01-26,20230126,2023,1,1,January,Jan,4,26,26,4,Thursday,Thu,0,0
2023-01-27,20230127,2023,1,1,January,Jan,4,27,27,5,Friday,Fri,0,0
2023-01-28,20230128,2023,1,1,January,Jan,4,28,28,6,Saturday,Sat,1,0
2023-01-29,20230129,2023,1,1,January,Jan,4,29,29,7,Sunday,Sun,1,0
2023-01-30,20230130,2023,1,1,January,Jan,5,30,30,1,Monday,Mon,0,0
2023-01-31,20230131,2023,1,1,January,Jan,5,31,31,2,Tuesday,Tue,0,0
2023-02-01,20230201,2023,1,2,February,Feb,5,1,32,3,Wednesday,Wed,0,0
2023-02-02,20230202,2023,1,2,February,Feb,5,2,33,4,Thursday,Thu,0,0
2023-02-03,20230203,2023,1,2,February,Feb,5,3,34,5,Friday,Fri,0,0
2023-02-04,20230204,2023,1,2,February,Feb,5,4,35,6,Saturday,Sat,1,0
2023-02-05,20230205,2023,1,2,February,Feb,5,5,36,7,Sunday,Sun,1,0
2023-02-06,20230206,2023,1,2,February,Feb,6,6,37,1,Monday,Mon,0,0
2023-02-07,20230207,2023,1,2,February,Feb,6,7,38,2,Tuesday,Tue,0,0
2023-02-08,20230208,2023,1,2,February,Feb,6,8,39,3,Wednesday,Wed,0,0
2023-02-09,20230209,2023,1,2,February,Feb,6,9,40,4,Thursday,Thu,0,0
2023-02-10,20230210,2023,1,2,February,Feb,6,10,41,5,Friday,Fri,0,0
2023-02-11,20230211,2023,1,2,February,Feb,6,11,42,6,Saturday,Sat,1,0
2023-02-12,20230212,2023,1,2,February,Feb,6,12,43,7,Sunday,Sun,1,0
2023-02-13,20230213,2023,1,2,February,Feb,7,13,44,1,Monday,Mon,0,0
2023-02-14,20230214,2023,1,2,February,Feb,7,14,45,2,Tuesday,Tue,0,0
2023-02-15,20230215,2023,1,2,February,Feb,7,15,46,3,Wednesday,Wed,0,0
2023-02-16,20230216,2023,1,2,February,Feb,7,16,47,4,Thursday,Thu,0,0
2023-02-17,20230217,2023,1,2,February,Feb,7,17,48,5,Friday,Fri,0,0
2023-02-18,20230218,2023,1,2,February,Feb,7,18,49,6,Saturday,Sat,1,0
2023-02-19,20230219,2023,1,2,February,Feb,7,19,50,7,Sunday,Sun,1,0
2023-02-20,20230220,2023,1,2,February,Feb,8,20,51,1,Monday,Mon,0,0
2023-02-21,20230221,2023,1,2,February,Feb,8,21,52,2,Tuesday,Tue,0,0
2023-02-22,20230222,2023,1,2,February,Feb,8,22,53,3,Wednesday,Wed,0,0
2023-02-23,20230223,2023,1,2,February,Feb,8,23,54,4,Thursday,Thu,0,0
2023-02-24,20230224,2023,1,2,February,Feb,8,24,55,5,Friday,Fri,0,0
2023-02-25,20230225,2023,1,2,February,Feb,8,25,56,6,Saturday,Sat,1,0
2023-02-26,20230226,2023,1,2,February,Feb,8,26,57,7,Sunday,Sun,1,0
2023-02-27,20230227,2023,1,2,February,Feb,9,27,58,1,Monday,Mon,0,0
2023-02-28,20230228,2023,1,2,February,Feb,9,28,59,2,Tuesday,Tue,0,0
2023-03-01,20230301,2023,1,3,March,Mar,9,1,60,3,Wednesday,Wed,0,0
2023-03-02,20230302,2023,1,3,March,Mar,9,2,61,4,Thursday,Thu,0,0
2023-03-03,20230303,2023,1,3,March,Mar,9,3,62,5,Friday,Fri,0,0
2023-03-04,20230304,2023,1,3,March,Mar,9,4,63,6,Saturday,Sat,1,0
2023-03-05,20230305,2023,1,3,March,Mar,9,5,64,7,Sunday,Sun,1,0
2023-03-06,20230306,2023,1,3,March,Mar,10,6,65,1,Monday,Mon,0,0
2023-03-07,20230307,2023,1,3,March,Mar,10,7,66,2,Tuesday,Tue,0,0
2023-03-08,20230308,2023,1,3,March,Mar,10,8,67,3,Wednesday,Wed,0,0
2023-03-09,20230309,2023,1,3,March,Mar,10,9,68,4,Thursday,Thu,0,0
2023-03-10,20230310,2023,1,3,March,Mar,10,10,69,5,Friday,Fri,0,0
2023-03-11,20230311,2023,1,3,March,Mar,10,11,70,6,Saturday,Sat,1,0
2023-03-12,20230312,2023,1,3,March,Mar,10,12,71,7,Sunday,Sun,1,0
2023-03-13,20230313,2023,1,3,March,Mar,11,13,72,1,Monday,Mon,0,0
2023-03-14,20230314,2023,1,3,March,Mar,11,14,73,2,Tuesday,Tue,0,0
2023-03-15,20230315,2023,1,3,March,Mar,11,15,74,3,Wednesday,Wed,0,0
2023-03-16,20230316,2023,1,3,March,Mar,11,16,75,4,Thursday,Thu,0,0
2023-03-17,20230317,2023,1,3,March,Mar,11,17,76,5,Friday,Fri,0,0
2023-03-18,20230318,2023,1,3,March,Mar,11,18,77,6,Saturday,Sat,1,0
2023-03-19,20230319,2023,1,3,March,Mar,11,19,78,7,Sunday,Sun,1,0
2023-03-20,20230320,2023,1,3,March,Mar,12,20,79,1,Monday,Mon,0,0
2023-03-21,20230321,2023,1,3,March,Mar,12,21,80,2,Tuesday,Tue,0,0
2023-03-22,20230322,2023,1,3,March,Mar,12,22,81,3,Wednesday,Wed,0,0
2023-03-23,20230323,2023,1,3,March,Mar,12,23,82,4,Thursday,Thu,0,0
2023-03-24,20230324,2023,1,3,March,Mar,12,24,83,5,Friday,Fri,0,0
2023-03-25,20230325,2023,1,3,March,Mar,12,25,84,6,Saturday,Sat,1,0
2023-03-26,20230326,2023,1,3,March,Mar,12,26,85,7,Sunday,Sun,1,0
2023-03-27,20230327,2023,1,3,March,Mar,13,27,86,1,Monday,Mon,0,0
2023-03-28,20230328,2023,1,3,March,Mar,13,28,87,2,Tuesday,Tue,0,0
2023-03-29,20230329,2023,1,3,March,Mar,13,29,88,3,Wednesday,Wed,0,0
2023-03-30,20230330,2023,1,3,March,Mar,13,30,89,4,Thursday,Thu,0,0
2023-03-31,20230331,2023,1,3,March,Mar,13,31,90,5,Friday,Fri,0,0
2023-04-01,20230401,2023,2,4,April,Apr,13,1,91,6,Saturday,Sat,1,0
2023-04-02,20230402,2023,2,4,April,Apr,13,2,92,7,Sunday,Sun,1,0
2023-04-03,20230403,2023,2,4,April,Apr,14,3,93,1,Monday,Mon,0,0
2023-04-04,20230404,2023,2,4,April,Apr,14,4,94,2,Tuesday,Tue,0,0
2023-04-05,20230405,2023,2,4,April,Apr,14,5,95,3,Wednesday,Wed,0,0
2023-04-06,20230406,2023,2,4,April,Apr,14,6,96,4,Thursday,Thu,0,0
2023-04-07,20230407,2023,2,4,April,Apr,14,7,97,5,Friday,Fri,0,0
2023-04-08,20230408,2023,2,4,April,Apr,14,8,98,6,Saturday,Sat,1,0
2023-04-09,20230409,2023,2,4,April,Apr,14,9,99,7,Sunday,Sun,1,0
2023-04-10,20230410,2023,2,4,April,Apr,15,10,100,1,Monday,Mon,0,0
2023-04-11,20230411,2023,2,4,April,Apr,15,11,101,2,Tuesday,Tue,0,0
2023-04-12,20230412,2023,2,4,April,Apr,15,12,102,3,Wednesday,Wed,0,0
2023-04-13,20230413,2023,2,4,April,Apr,15,13,103,4,Thursday,Thu,0,0
2023-04-14,20230414,2023,2,4,April,Apr,15,14,104,5,Friday,Fri,0,0
2023-04-15,20230415,2023,2,4,April,Apr,15,15,105,6,Saturday,Sat,1,0
2023-04-16,20230416,2023,2,4,April,Apr,15,16,106,7,Sunday,Sun,1,0
2023-04-17,20230417,2023,2,4,April,Apr,16,17,107,1,Monday,Mon,0,0
2023-04-18,20230418,2023,2,4,April,Apr,16,18,108,2,Tuesday,Tue,0,0
2023-04-19,20230419,2023,2,4,April,Apr,16,19,109,3,Wednesday,Wed,0,0
2023-04-20,20230420,2023,2,4,April,Apr,16,20,110,4,Thursday,Thu,0,0
2023-04-21,20230421,2023,2,4,April,Apr,16,21,111,5,Friday,Fri,0,0
2023-04-22,20230422,2023,2,4,April,Apr,16,22,112,6,Saturday,Sat,1,0
2023-04-23,20230423,2023,2,4,April,Apr,16,23,113,7,Sunday,Sun,1,0
2023-04-24,20230424,2023,2,4,April,Apr,17,24,114,1,Monday,Mon,0,0
2023-04-25,20230425,2023,2,4,April,Apr,17,25,115,2,Tuesday,Tue,0,0
2023-04-26,20230426,2023,2,4,April,Apr,17,26,116,3,Wednesday,Wed,0,0
2023-04-27,20230427,2023,2,4,April,Apr,17,27,117,4,Thursday,Thu,0,0
2023-04-28,20230428,2023,2,4,April,Apr,17,28,118,5,Friday,Fri,0,0
2023-04-29,20230429,2023,2,4,April,Apr,17,29,119,6,Saturday,Sat,1,0
2023-04-30,20230430,2023,2,4,April,Apr,17,30,120,7,Sunday,Sun,1,0
2023-05-01,20230501,2023,2,5,May,May,18,1,121,1,Monday,Mon,0,1
2023-05-02,20230502,2023,2,5,May,May,18,2,122,2,Tuesday,Tue,0,0
2023-05-03,20230503,2023,2,5,May,May,18,3,123,3,Wednesday,Wed,0,0
2023-05-04,20230504,2023,2,5,May,May,18,4,124,4,Thursday,Thu,0,0
2023-05-05,20230505,2023,2,5,May,May,18,5,125,5,Friday,Fri,0,0
2023-05-06,20230506,2023,2,5,May,May,18,6,126,6,Saturday,Sat,1,0
2023-05-07,20230507,2023,2,5,May,May,18,7,127,7,Sunday,Sun,1,0
2023-05-08,20230508,2023,2,5,May,May,19,8,128,1,Monday,Mon,0,0
2023-05-09,20230509,2023,2,5,May,May,19,9,129,2,Tuesday,Tue,0,0
2023-05-10,20230510,2023,2,5,May,May,19,10,130,3,Wednesday,Wed,0,0
2023-05-11,20230511,2023,2,5,May,May,19,11,131,4,Thursday,Thu,0,0
2023-05-12,20230512,2023,2,5,May,May,19,12,132,5,Friday,Fri,0,0
2023-05-13,20230513,2023,2,5,May,May,19,13,133,6,Saturday,Sat,1,0
2023-05-14,20230514,2023,2,5,May,May,19,14,134,7,Sunday,Sun,1,0
2023-05-15,20230515,2023,2,5,May,May,20,15,135,1,Monday,Mon,0,0
2023-05-16,20230516,2023,2,5,May,May,20,16,136,2,Tuesday,Tue,0,0
2023-05-17,20230517,2023,2,5,May,May,20,17,137,3,Wednesday,Wed,0,0
2023-05-18,20230518,2023,2,5,May,May,20,18,138,4,Thursday,Thu,0,0
2023-05-19,20230519,2023,2,5,May,May,20,19,139,5,Friday,Fri,0,0
2023-05-20,20230520,2023,2,5,May,May,20,20,140,6,Saturday,Sat,1,0
2023-05-21,20230521,2023,2,5,May,May,20,21,141,7,Sunday,Sun,1,0
2023-05-22,20230522,2023,2,5,May,May,21,22,142,1,Monday,Mon,0,0
2023-05-23,20230523,2023,2,5,May,May,21,23,143,2,Tuesday,Tue,0,0
2023-05-24,20230524,2023,2,5,May,May,21,24,144,3,Wednesday,Wed,0,0
2023-05-25,20230525,2023,2,5,May,May,21,25,145,4,Thursday,Thu,0,0
2023-05-26,20230526,2023,2,5,May,May,21,26,146,5,Friday,Fri,0,0
2023-05-27,20230527,2023,2,5,May,May,21,27,147,6,Saturday,Sat,1,0
2023-05-28,20230528,2023,2,5,May,May,21,28,148,7,Sunday,Sun,1,0
2023-05-29,20230529,2023,2,5,May,May,22,29,149,1,Monday,Mon,0,0
2023-05-30,20230530,2023,2,5,May,May,22,30,150,2,Tuesday,Tue,0,0
2023-05-31,20230531,2023,2,5,May,May,22,31,151,3,Wednesday,Wed,0,0
2023-06-01,20230601,2023,2,6,June,Jun,22,1,152,4,Thursday,Thu,0,0
2023-06-02,20230602,2023,2,6,June,Jun,22,2,153,5,Friday,Fri,0,0
2023-06-03,20230603,2023,2,6,June,Jun,22,3,154,6,Saturday,Sat,1,0
2023-06-04,20230604,2023,2,6,June,Jun,22,4,155,7,Sunday,Sun,1,0
2023-06-05,20230605,2023,2,6,June,Jun,23,5,156,1,Monday,Mon,0,0
2023-06-06,20230606,2023,2,6,June,Jun,23,6,157,2,Tuesday,Tue,0,0
2023-06-07,20230607,2023,2,6,June,Jun,23,7,158,3,Wednesday,Wed,0,0
2023-06-08,20230608,2023,2,6,June,Jun,23,8,159,4,Thursday,Thu,0,0
2023-06-09,20230609,2023,2,6,June,Jun,23,9,160,5,Friday,Fri,0,0
2023-06-10,20230610,2023,2,6,June,Jun,23,10,161,6,Saturday,Sat,1,0
2023-06-11,20230611,2023,2,6,June,Jun,23,11,162,7,Sunday,Sun,1,0
2023-06-12,20230612,2023,2,6,June,Jun,24,12,163,1,Monday,Mon,0,0
2023-06-13,20230613,2023,2,6,June,Jun,24,13,164,2,Tuesday,Tue,0,0
2023-06-14,20230614,2023,2,6,June,Jun,24,14,165,3,Wednesday,Wed,0,0
2023-06-15,20230615,2023,2,6,June,Jun,24,15,166,4,Thursday,Thu,0,0
2023-06-16,20230616,2023,2,6,June,Jun,24,16,167,5,Friday,Fri,0,0
2023-06-17,20230617,2023,2,6,June,Jun,24,17,168,6,Saturday,Sat,1,0
2023-06-18,20230618,2023,2,6,June,Jun,24,18,169,7,Sunday,Sun,1,0
2023-06-19,20230619,2023,2,6,June,Jun,25,19,170,1,Monday,Mon,0,0
2023-06-20,20230620,2023,2,6,June,Jun,25,20,171,2,Tuesday,Tue,0,0
2023-06-21,20230621,2023,2,6,June,Jun,25,21,172,3,Wednesday,Wed,0,0
2023-06-22,20230622,2023,2,6,June,Jun,25,22,173,4,Thursday,Thu,0,0
2023-06-23,20230623,2023,2,6,June,Jun,25,23,174,5,Friday,Fri,0,0
2023-06-24,20230624,2023,2,6,June,Jun,25,24,175,6,Saturday,Sat,1,0
2023-06-25,20230625,2023,2,6,June,Jun,25,25,176,7,Sunday,Sun,1,0
2023-06-26,20230626,2023,2,6,June,Jun,26,26,177,1,Monday,Mon,0,0
2023-06-27,20230627,2023,2,6,June,Jun,26,27,178,2,Tuesday,Tue,0,0
2023-06-28,20230628,2023,2,6,June,Jun,26,28,179,3,Wednesday,Wed,0,0
2023-06-29,20230629,2023,2,6,June,Jun,26,29,180,4,Thursday,Thu,0,0
2023-06-30,20230630,2023,2,6,June,Jun,26,30,181,5,Friday,Fri,0,0
2023-07-01,20230701,2023,3,7,July,Jul,26,1,182,6,Saturday,Sat,1,0
2023-07-02,20230702,2023,3,7,July,Jul,26,2,183,7,Sunday,Sun,1,0
2023-07-03,20230703,2023,3,7,July,Jul,27,3,184,1,Monday,Mon,0,0
2023-07-04,20230704,2023,3,7,July,Jul,27,4,185,2,Tuesday,Tue,0,0
2023-07-05,20230705,2023,3,7,July,Jul,27,5,186,3,Wednesday,Wed,0,0
2023-07-06,20230706,2023,3,7,July,Jul,27,6,187,4,Thursday,Thu,0,0
2023-07-07,20230707,2023,3,7,July,Jul,27,7,188,5,Friday,Fri,0,0
2023-07-08,20230708,2023,3,7,July,Jul,27,8,189,6,Saturday,Sat,1,0
2023-07-09,20230709,2023,3,7,July,Jul,27,9,190,7,Sunday,Sun,1,0
2023-07-10,20230710,2023,3,7,July,Jul,28,10,191,1,Monday,Mon,0,0
2023-07-11,20230711,2023,3,7,July,Jul,28,11,192,2,Tuesday,Tue,0,0
2023-07-12,20230712,2023,3,7,July,Jul,28,12,193,3,Wednesday,Wed,0,0
2023-07-13,20230713,2023,3,7,July,Jul,28,13,194,4,Thursday,Thu,0,0
2023-07-14,20230714,2023,3,7,July,Jul,28,14,195,5,Friday,Fri,0,0
2023-07-15,20230715,2023,3,7,July,Jul,28,15,196,6,Saturday,Sat,1,0
2023-07-16,20230716,2023,3,7,July,Jul,28,16,197,7,Sunday,Sun,1,0
2023-07-17,20230717,2023,3,7,July,Jul,29,17,198,1,Monday,Mon,0,0
2023-07-18,20230718,2023,3,7,July,Jul,29,18,199,2,Tuesday,Tue,0,0
2023-07-19,20230719,2023,3,7,July,Jul,29,19,200,3,Wednesday,Wed,0,0
2023-07-20,20230720,2023,3,7,July,Jul,29,20,201,4,Thursday,Thu,0,0
2023-07-21,20230721,2023,3,7,July,Jul,29,21,202,5,Friday,Fri,0,0
2023-07-22,20230722,2023,3,7,July,Jul,29,22,203,6,Saturday,Sat,1,0
2023-07-23,20230723,2023,3,7,July,Jul,29,23,204,7,Sunday,Sun,1,0
2023-07-24,20230724,2023,3,7,July,Jul,30,24,205,1,Monday,Mon,0,0
2023-07-25,20230725,2023,3,7,July,Jul,30,25,206,2,Tuesday,Tue,0,0
2023-07-26,20230726,2023,3,7,July,Jul,30,26,207,3,Wednesday,Wed,0,0
2023-07-27,20230727,2023,3,7,July,Jul,30,27,208,4,Thursday,Thu,0,0
2023-07-28,20230728,2023,3,7,July,Jul,30,28,209,5,Friday,Fri,0,0
2023-07-29,20230729,2023,3,7,July,Jul,30,29,210,6,Saturday,Sat,1,0
2023-07-30,20230730,2023,3,7,July,Jul,30,30,211,7,Sunday,Sun,1,0
2023-07-31,20230731,2023,3,7,July,Jul,31,31,212,1,Monday,Mon,0,0
2023-08-01,20230801,2023,3,8,August,Aug,31,1,213,2,Tuesday,Tue,0,0
2023-08-02,20230802,2023,3,8,August,Aug,31,2,214,3,Wednesday,Wed,0,0
2023-08-03,20230803,2023,3,8,August,Aug,31,3,215,4,Thursday,Thu,0,0
2023-08-04,20230804,2023,3,8,August,Aug,31,4,216,5,Friday,Fri,0,0
2023-08-05,20230805,2023,3,8,August,Aug,31,5,217,6,Saturday,Sat,1,0
2023-08-06,20230806,2023,3,8,August,Aug,31,6,218,7,Sunday,Sun,1,0
2023-08-07,20230807,2023,3,8,August,Aug,32,7,219,1,Monday,Mon,0,0
2023-08-08,20230808,2023,3,8,August,Aug,32,8,220,2,Tuesday,Tue,0,0
2023-08-09,20230809,2023,3,8,August,Aug,32,9,221,3,Wednesday,Wed,0,0
2023-08-10,20230810,2023,3,8,August,Aug,32,10,222,4,Thursday,Thu,0,0
2023-08-11,20230811,2023,3,8,August,Aug,32,11,223,5,Friday,Fri,0,0
2023-08-12,20230812,2023,3,8,August,Aug,32,12,224,6,Saturday,Sat,1,0
2023-08-13,20230813,2023,3,8,August,Aug,32,13,225,7,Sunday,Sun,1,0
2023-08-14,20230814,2023,3,8,August,Aug,33,14,226,1,Monday,Mon,0,0
2023-08-15,20230815,2023,3,8,August,Aug,33,15,227,2,Tuesday,Tue,0,0
2023-08-16,20230816,2023,3,8,August,Aug,33,16,228,3,Wednesday,Wed,0,0
2023-08-17,20230817,2023,3,8,August,Aug,33,17,229,4,Thursday,Thu,0,0
2023-08-18,20230818,2023,3,8,August,Aug,33,18,230,5,Friday,Fri,0,0
2023-08-19,20230819,2023,3,8,August,Aug,33,19,231,6,Saturday,Sat,1,0
2023-08-20,20230820,2023,3,8,August,Aug,33,20,232,7,Sunday,Sun,1,0
2023-08-21,20230821,2023,3,8,August,Aug,34,21,233,1,Monday,Mon,0,0
2023-08-22,20230822,2023,3,8,August,Aug,34,22,234,2,Tuesday,Tue,0,0
2023-08-23,20230823,2023,3,8,August,Aug,34,23,235,3,Wednesday,Wed,0,0
2023-08-24,20230824,2023,3,8,August,Aug,34,24,236,4,Thursday,Thu,0,0
2023-08-25,20230825,2023,3,8,August,Aug,34,25,237,5,Friday,Fri,0,0
2023-08-26,20230826,2023,3,8,August,Aug,34,26,238,6,Saturday,Sat,1,0
2023-08-27,20230827,2023,3,8,August,Aug,34,27,239,7,Sunday,Sun,1,0
2023-08-28,20230828,2023,3,8,August,Aug,35,28,240,1,Monday,Mon,0,0
2023-08-29,20230829,2023,3,8,August,Aug,35,29,241,2,Tuesday,Tue,0,0
2023-08-30,20230830,2023,3,8,August,Aug,35,30,242,3,Wednesday,Wed,0,0
2023-08-31,20230831,2023,3,8,August,Aug,35,31,243,4,Thursday,Thu,0,0
2023-09-01,20230901,2023,3,9,September,Sep,35,1,244,5,Friday,Fri,0,0
2023-09-02,20230902,2023,3,9,September,Sep,35,2,245,6,Saturday,Sat,1,0
2023-09-03,20230903,2023,3,9,September,Sep,35,3,246,7,Sunday,Sun,1,0
2023-09-04,20230904,2023,3,9,September,Sep,36,4,247,1,Monday,Mon,0,0
2023-09-05,20230905,2023,3,9,September,Sep,36,5,248,2,Tuesday,Tue,0,0
2023-09-06,20230906,2023,3,9,September,Sep,36,6,249,3,Wednesday,Wed,0,0
2023-09-07,20230907,2023,3,9,September,Sep,36,7,250,4,Thursday,Thu,0,0
2023-09-08,20230908,2023,3,9,September,Sep,36,8,251,5,Friday,Fri,0,0
2023-09-09,20230909,2023,3,9,September,Sep,36,9,252,6,Saturday,Sat,1,0
2023-09-10,20230910,2023,3,9,September,Sep,36,10,253,7,Sunday,Sun,1,0
2023-09-11,20230911,2023,3,9,September,Sep,37,11,254,1,Monday,Mon,0,0
2023-09-12,20230912,2023,3,9,September,Sep,37,12,255,2,Tuesday,Tue,0,0
2023-09-13,20230913,2023,3,9,September,Sep,37,13,256,3,Wednesday,Wed,0,0
2023-09-14,20230914,2023,3,9,September,Sep,37,14,257,4,Thursday,Thu,0,0
2023-09-15,20230915,2023,3,9,September,Sep,37,15,258,5,Friday,Fri,0,0
2023-09-16,20230916,2023,3,9,September,Sep,37,16,259,6,Saturday,Sat,1,1
2023-09-17,20230917,2023,3,9,September,Sep,37,17,260,7,Sunday,Sun,1,0
2023-09-18,20230918,2023,3,9,September,Sep,38,18,261,1,Monday,Mon,0,0
2023-09-19,20230919,2023,3,9,September,Sep,38,19,262,2,Tuesday,Tue,0,0
2023-09-20,20230920,2023,3,9,September,Sep,38,20,263,3,Wednesday,Wed,0,0
2023-09-21,20230921,2023,3,9,September,Sep,38,21,264,4,Thursday,Thu,0,0
2023-09-22,20230922,2023,3,9,September,Sep,38,22,265,5,Friday,Fri,0,0
2023-09-23,20230923,2023,3,9,September,Sep,38,23,266,6,Saturday,Sat,1,0
2023-09-24,20230924,2023,3,9,September,Sep,38,24,267,7,Sunday,Sun,1,0
2023-09-25,20230925,2023,3,9,September,Sep,39,25,268,1,Monday,Mon,0,0
2023-09-26,20230926,2023,3,9,September,Sep,39,26,269,2,Tuesday,Tue,0,0
2023-09-27,20230927,2023,3,9,September,Sep,39,27,270,3,Wednesday,Wed,0,0
2023-09-28,20230928,2023,3,9,September,Sep,39,28,271,4,Thursday,Thu,0,0
2023-09-29,20230929,2023,3,9,September,Sep,39,29,272,5,Friday,Fri,0,0
2023-09-30,20230930,2023,3,9,September,Sep,39,30,273,6,Saturday,Sat,1,0
2023-10-01,20231001,2023,4,10,October,Oct,39,1,274,7,Sunday,Sun,1,0
2023-10-02,20231002,2023,4,10,October,Oct,40,2,275,1,Monday,Mon,0,0
2023-10-03,20231003,2023,4,10,October,Oct,40,3,276,2,Tuesday,Tue,0,0
2023-10-04,20231004,2023,4,10,October,Oct,40,4,277,3,Wednesday,Wed,0,0
2023-10-05,20231005,2023,4,10,October,Oct,40,5,278,4,Thursday,Thu,0,0
2023-10-06,20231006,2023,4,10,October,Oct,40,6,279,5,Friday,Fri,0,0
2023-10-07,20231007,2023,4,10,October,Oct,40,7,280,6,Saturday,Sat,1,0
2023-10-08,20231008,2023,4,10,October,Oct,40,8,281,7,Sunday,Sun,1,0
2023-10-09,20231009,2023,4,10,October,Oct,41,9,282,1,Monday,Mon,0,0
2023-10-10,20231010,2023,4,10,October,Oct,41,10,283,2,Tuesday,Tue,0,0
2023-10-11,20231011,2023,4,10,October,Oct,41,11,284,3,Wednesday,Wed,0,0
2023-10-12,20231012,2023,4,10,October,Oct,41,12,285,4,Thursday,Thu,0,0
2023-10-13,20231013,2023,4,10,October,Oct,41,13,286,5,Friday,Fri,0,0
2023-10-14,20231014,2023,4,10,October,Oct,41,14,287,6,Saturday,Sat,1,0
2023-10-15,20231015,2023,4,10,October,Oct,41,15,288,7,Sunday,Sun,1,0
2023-10-16,20231016,2023,4,10,October,Oct,42,16,289,1,Monday,Mon,0,0
2023-10-17,20231017,2023,4,10,October,Oct,42,17,290,2,Tuesday,Tue,0,0
2023-10-18,20231018,2023,4,10,October,Oct,42,18,291,3,Wednesday,Wed,0,0
2023-10-19,20231019,2023,4,10,October,Oct,42,19,292,4,Thursday,Thu,0,0
2023-10-20,20231020,2023,4,10,October,Oct,42,20,293,5,Friday,Fri,0,0
2023-10-21,20231021,2023,4,10,October,Oct,42,21,294,6,Saturday,Sat,1,0
2023-10-22,20231022,2023,4,10,October,Oct,42,22,295,7,Sunday,Sun,1,0
2023-10-23,20231023,2023,4,10,October,Oct,43,23,296,1,Monday,Mon,0,0
2023-10-24,20231024,2023,4,10,October,Oct,43,24,297,2,Tuesday,Tue,0,0
2023-10-25,20231025,2023,4,10,October,Oct,43,25,298,3,Wednesday,Wed,0,0
2023-10-26,20231026,2023,4,10,October,Oct,43,26,299,4,Thursday,Thu,0,0
2023-10-27,20231027,2023,4,10,October,Oct,43,27,300,5,Friday,Fri,0,0
2023-10-28,20231028,2023,4,10,October,Oct,43,28,301,6,Saturday,Sat,1,0
2023-10-29,20231029,2023,4,10,October,Oct,43,29,302,7,Sunday,Sun,1,0
2023-10-30,20231030,2023,4,10,October,Oct,44,30,303,1,Monday,Mon,0,0
2023-10-31,20231031,2023,4,10,October,Oct,44,31,304,2,Tuesday,Tue,0,0
2023-11-01,20231101,2023,4,11,November,Nov,44,1,305,3,Wednesday,Wed,0,0
2023-11-02,20231102,2023,4,11,November,Nov,44,2,306,4,Thursday,Thu,0,0
2023-11-03,20231103,2023,4,11,November,Nov,44,3,307,5,Friday,Fri,0,0
2023-11-04,20231104,2023,4,11,November,Nov,44,4,308,6,Saturday,Sat,1,0
2023-11-05,20231105,2023,4,11,November,Nov,44,5,309,7,Sunday,Sun,1,0
2023-11-06,20231106,2023,4,11,November,Nov,45,6,310,1,Monday,Mon,0,0
2023-11-07,20231107,2023,4,11,November,Nov,45,7,311,2,Tuesday,Tue,0,0
2023-11-08,20231108,2023,4,11,November,Nov,45,8,312,3,Wednesday,Wed,0,0
2023-11-09,20231109,2023,4,11,November,Nov,45,9,313,4,Thursday,Thu,0,0
2023-11-10,20231110,2023,4,11,November,Nov,45,10,314,5,Friday,Fri,0,0
2023-11-11,20231111,2023,4,11,November,Nov,45,11,315,6,Saturday,Sat,1,0
2023-11-12,20231112,2023,4,11,November,Nov,45,12,316,7,Sunday,Sun,1,0
2023-11-13,20231113,2023,4,11,November,Nov,46,13,317,1,Monday,Mon,0,0
2023-11-14,20231114,2023,4,11,November,Nov,46,14,318,2,Tuesday,Tue,0,0
2023-11-15,20231115,2023,4,11,November,Nov,46,15,319,3,Wednesday,Wed,0,0
2023-11-16,20231116,2023,4,11,November,Nov,46,16,320,4,Thursday,Thu,0,0
2023-11-17,20231117,2023,4,11,November,Nov,46,17,321,5,Friday,Fri,0,0
2023-11-18,20231118,2023,4,11,November,Nov,46,18,322,6,Saturday,Sat,1,0
2023-11-19,20231119,2023,4,11,November,Nov,46,19,323,7,Sunday,Sun,1,0
2023-11-20,20231120,2023,4,11,November,Nov,47,20,324,1,Monday,Mon,0,0
2023-11-21,20231121,2023,4,11,November,Nov,47,21,325,2,Tuesday,Tue,0,0
2023-11-22,20231122,2023,4,11,November,Nov,47,22,326,3,Wednesday,Wed,0,0
2023-11-23,20231123,2023,4,11,November,Nov,47,23,327,4,Thursday,Thu,0,0
2023-11-24,20231124,2023,4,11,November,Nov,47,24,328,5,Friday,Fri,0,0
2023-11-25,20231125,2023,4,11,November,Nov,47,25,329,6,Saturday,Sat,1,0
2023-11-26,20231126,2023,4,11,November,Nov,47,26,330,7,Sunday,Sun,1,0
2023-11-27,20231127,2023,4,11,November,Nov,48,27,331,1,Monday,Mon,0,0
2023-11-28,20231128,2023,4,11,November,Nov,48,28,332,2,Tuesday,Tue,0,0
2023-11-29,20231129,2023,4,11,November,Nov,48,29,333,3,Wednesday,Wed,0,0
2023-11-30,20231130,2023,4,11,November,Nov,48,30,334,4,Thursday,Thu,0,0
2023-12-01,20231201,2023,4,12,December,Dec,48,1,335,5,Friday,Fri,0,0
2023-12-02,20231202,2023,4,12,December,Dec,48,2,336,6,Saturday,Sat,1,0
2023-12-03,20231203,2023,4,12,December,Dec,48,3,337,7,Sunday,Sun,1,0
2023-12-04,20231204,2023,4,12,December,Dec,49,4,338,1,Monday,Mon,0,0
2023-12-05,20231205,2023,4,12,December,Dec,49,5,339,2,Tuesday,Tue,0,0
2023-12-06,20231206,2023,4,12,December,Dec,49,6,340,3,Wednesday,Wed,0,0
2023-12-07,20231207,2023,4,12,December,Dec,49,7,341,4,Thursday,Thu,0,0
2023-12-08,20231208,2023,4,12,December,Dec,49,8,342,5,Friday,Fri,0,0
2023-12-09,20231209,2023,4,12,December,Dec,49,9,343,6,Saturday,Sat,1,0
2023-12-10,20231210,2023,4,12,December,Dec,49,10,344,7,Sunday,Sun,1,0
2023-12-11,20231211,2023,4,12,December,Dec,50,11,345,1,Monday,Mon,0,0
2023-12-12,20231212,2023,4,12,December,Dec,50,12,346,2,Tuesday,Tue,0,0
2023-12-13,20231213,2023,4,12,December,Dec,50,13,347,3,Wednesday,Wed,0,0
2023-12-14,20231214,2023,4,12,December,Dec,50,14,348,4,Thursday,Thu,0,0
2023-12-15,20231215,2023,4,12,December,Dec,50,15,349,5,Friday,Fri,0,0
2023-12-16,20231216,2023,4,12,December,Dec,50,16,350,6,Saturday,Sat,1,0
2023-12-17,20231217,2023,4,12,December,Dec,50,17,351,7,Sunday,Sun,1,0
2023-12-18,20231218,2023,4,12,December,Dec,51,18,352,1,Monday,Mon,0,0
2023-12-19,20231219,2023,4,12,December,Dec,51,19,353,2,Tuesday,Tue,0,0
2023-12-20,20231220,2023,4,12,December,Dec,51,20,354,3,Wednesday,Wed,0,0
2023-12-21,20231221,2023,4,12,December,Dec,51,21,355,4,Thursday,Thu,0,0
2023-12-22,20231222,2023,4,12,December,Dec,51,22,356,5,Friday,Fri,0,0
2023-12-23,20231223,2023,4,12,December,Dec,51,23,357,6,Saturday,Sat,1,0
2023-12-24,20231224,2023,4,12,December,Dec,51,24,358,7,Sunday,Sun,1,0
2023-12-25,20231225,2023,4,12,December,Dec,52,25,359,1,Monday,Mon,0,1
2023-12-26,20231226,2023,4,12,December,Dec,52,26,360,2,Tuesday,Tue,0,0
2023-12-27,20231227,2023,4,12,December,Dec,52,27,361,3,Wednesday,Wed,0,0
2023-12-28,20231228,2023,4,12,December,Dec,52,28,362,4,Thursday,Thu,0,0
2023-12-29,20231229,2023,4,12,December,Dec,52,29,363,5,Friday,Fri,0,0
2023-12-30,20231230,2023,4,12,December,Dec,52,30,364,6,Saturday,Sat,1,0
2023-12-31,20231231,2023,4,12,December,Dec,52,31,365,7,Sunday,Sun,1,0
2024-01-01,20240101,2024,1,1,January,Jan,1,1,1,1,Monday,Mon,0,0
2024-01-02,20240102,2024,1,1,January,Jan,1,2,2,2,Tuesday,Tue,0,0
2024-01-03,20240103,2024,1,1,January,Jan,1,3,3,3,Wednesday,Wed,0,0
2024-01-04,20240104,2024,1,1,January,Jan,1,4,4,4,Thursday,Thu,0,0
2024-01-05,20240105,2024,1,1,January,Jan,1,5,5,5,Friday,Fri,0,0
2024-01-06,20240106,2024,1,1,January,Jan,1,6,6,6,Saturday,Sat,1,0
2024-01-07,20240107,2024,1,1,January,Jan,1,7,7,7,Sunday,Sun,1,0
2024-01-08,20240108,2024,1,1,January,Jan,2,8,8,1,Monday,Mon,0,0
2024-01-09,20240109,2024,1,1,January,Jan,2,9,9,2,Tuesday,Tue,0,0
2024-01-10,20240110,2024,1,1,January,Jan,2,10,10,3,Wednesday,Wed,0,0
2024-01-11,20240111,2024,1,1,January,Jan,2,11,11,4,Thursday,Thu,0,0
2024-01-12,20240112,2024,1,1,January,Jan,2,12,12,5,Friday,Fri,0,0
2024-01-13,20240113,2024,1,1,January,Jan,2,13,13,6,Saturday,Sat,1,0
2024-01-14,20240114,2024,1,1,January,Jan,2,14,14,7,Sunday,Sun,1,0
2024-01-15,20240115,2024,1,1,January,Jan,3,15,15,1,Monday,Mon,0,0
2024-01-16,20240116,2024,1,1,January,Jan,3,16,16,2,Tuesday,Tue,0,0
2024-01-17,20240117,2024,1,1,January,Jan,3,17,17,3,Wednesday,Wed,0,0
2024-01-18,20240118,2024,1,1,January,Jan,3,18,18,4,Thursday,Thu,0,0
2024-01-19,20240119,2024,1,1,January,Jan,3,19,19,5,Friday,Fri,0,0
2024-01-20,20240120,2024,1,1,January,Jan,3,20,20,6,Saturday,Sat,1,0
2024-01-21,20240121,2024,1,1,January,Jan,3,21,21,7,Sunday,Sun,1,0
2024-01-22,20240122,2024,1,1,January,Jan,4,22,22,1,Monday,Mon,0,0
2024-01-23,20240123,2024,1,1,January,Jan,4,23,23,2,Tuesday,Tue,0,0
2024-01-24,20240124,2024,1,1,January,Jan,4,24,24,3,Wednesday,Wed,0,0
2024-01-25,20240125,2024,1,1,January,Jan,4,25,25,4,Thursday,Thu,0,0
2024-01-26,20240126,2024,1,1,January,Jan,4,26,26,5,Friday,Fri,0,0
2024-01-27,20240127,2024,1,1,January,Jan,4,27,27,6,Saturday,Sat,1,0
2024-01-28,20240128,2024,1,1,January,Jan,4,28,28,7,Sunday,Sun,1,0
2024-01-29,20240129,2024,1,1,January,Jan,5,29,29,1,Monday,Mon,0,0
2024-01-30,20240130,2024,1,1,January,Jan,5,30,30,2,Tuesday,Tue,0,0
2024-01-31,20240131,2024,1,1,January,Jan,5,31,31,3,Wednesday,Wed,0,0
2024-02-01,20240201,2024,1,2,February,Feb,5,1,32,4,Thursday,Thu,0,0
2024-02-02,20240202,2024,1,2,February,Feb,5,2,33,5,Friday,Fri,0,0
2024-02-03,20240203,2024,1,2,February,Feb,5,3,34,6,Saturday,Sat,1,0
2024-02-04,20240204,2024,1,2,February,Feb,5,4,35,7,Sunday,Sun,1,0
2024-02-05,20240205,2024,1,2,February,Feb,6,5,36,1,Monday,Mon,0,0
2024-02-06,20240206,2024,1,2,February,Feb,6,6,37,2,Tuesday,Tue,0,0
2024-02-07,20240207,2024,1,2,February,Feb,6,7,38,3,Wednesday,Wed,0,0
2024-02-08,20240208,2024,1,2,February,Feb,6,8,39,4,Thursday,Thu,0,0
2024-02-09,20240209,2024,1,2,February,Feb,6,9,40,5,Friday,Fri,0,0
2024-02-10,20240210,2024,1,2,February,Feb,6,10,41,6,Saturday,Sat,1,0
2024-02-11,20240211,2024,1,2,February,Feb,6,11,42,7,Sunday,Sun,1,0
2024-02-12,20240212,2024,1,2,February,Feb,7,12,43,1,Monday,Mon,0,0
2024-02-13,20240213,2024,1,2,February,Feb,7,13,44,2,Tuesday,Tue,0,0
2024-02-14,20240214,2024,1,2,February,Feb,7,14,45,3,Wednesday,Wed,0,0
2024-02-15,20240215,2024,1,2,February,Feb,7,15,46,4,Thursday,Thu,0,0
2024-02-16,20240216,2024,1,2,February,Feb,7,16,47,5,Friday,Fri,0,0
2024-02-17,20240217,2024,1,2,February,Feb,7,17,48,6,Saturday,Sat,1,0
2024-02-18,20240218,2024,1,2,February,Feb,7,18,49,7,Sunday,Sun,1,0
2024-02-19,20240219,2024,1,2,February,Feb,8,19,50,1,Monday,Mon,0,0
2024-02-20,20240220,2024,1,2,February,Feb,8,20,51,2,Tuesday,Tue,0,0
2024-02-21,20240221,2024,1,2,February,Feb,8,21,52,3,Wednesday,Wed,0,0
2024-02-22,20240222,2024,1,2,February,Feb,8,22,53,4,Thursday,Thu,0,0
2024-02-23,20240223,2024,1,2,February,Feb,8,23,54,5,Friday,Fri,0,0
2024-02-24,20240224,2024,1,2,February,Feb,8,24,55,6,Saturday,Sat,1,0
2024-02-25,20240225,2024,1,2,February,Feb,8,25,56,7,Sunday,Sun,1,0
2024-02-26,20240226,2024,1,2,February,Feb,9,26,57,1,Monday,Mon,0,0
2024-02-27,20240227,2024,1,2,February,Feb,9,27,58,2,Tuesday,Tue,0,0
2024-02-28,20240228,2024,1,2,February,Feb,9,28,59,3,Wednesday,Wed,0,0
2024-02-29,20240229,2024,1,2,February,Feb,9,29,60,4,Thursday,Thu,0,0
2024-03-01,20240301,2024,1,3,March,Mar,9,1,61,5,Friday,Fri,0,0
2024-03-02,20240302,2024,1,3,March,Mar,9,2,62,6,Saturday,Sat,1,0
2024-03-03,20240303,2024,1,3,March,Mar,9,3,63,7,Sunday,Sun,1,0
2024-03-04,20240304,2024,1,3,March,Mar,10,4,64,1,Monday,Mon,0,0
2024-03-05,20240305,2024,1,3,March,Mar,10,5,65,2,Tuesday,Tue,0,0
2024-03-06,20240306,2024,1,3,March,Mar,10,6,66,3,Wednesday,Wed,0,0
2024-03-07,20240307,2024,1,3,March,Mar,10,7,67,4,Thursday,Thu,0,0
2024-03-08,20240308,2024,1,3,March,Mar,10,8,68,5,Friday,Fri,0,0
2024-03-09,20240309,2024,1,3,March,Mar,10,9,69,6,Saturday,Sat,1,0
2024-03-10,20240310,2024,1,3,March,Mar,10,10,70,7,Sunday,Sun,1,0
2024-03-11,20240311,2024,1,3,March,Mar,11,11,71,1,Monday,Mon,0,0
2024-03-12,20240312,2024,1,3,March,Mar,11,12,72,2,Tuesday,Tue,0,0
2024-03-13,20240313,2024,1,3,March,Mar,11,13,73,3,Wednesday,Wed,0,0
2024-03-14,20240314,2024,1,3,March,Mar,11,14,74,4,Thursday,Thu,0,0
2024-03-15,20240315,2024,1,3,March,Mar,11,15,75,5,Friday,Fri,0,0
2024-03-16,20240316,2024,1,3,March,Mar,11,16,76,6,Saturday,Sat,1,0
2024-03-17,20240317,2024,1,3,March,Mar,11,17,77,7,Sunday,Sun,1,0
2024-03-18,20240318,2024,1,3,March,Mar,12,18,78,1,Monday,Mon,0,0
2024-03-19,20240319,2024,1,3,March,Mar,12,19,79,2,Tuesday,Tue,0,0
2024-03-20,20240320,2024,1,3,March,Mar,12,20,80,3,Wednesday,Wed,0,0
2024-03-21,20240321,2024,1,3,March,Mar,12,21,81,4,Thursday,Thu,0,0
2024-03-22,20240322,2024,1,3,March,Mar,12,22,82,5,Friday,Fri,0,0
2024-03-23,20240323,2024,1,3,March,Mar,12,23,83,6,Saturday,Sat,1,0
2024-03-24,20240324,2024,1,3,March,Mar,12,24,84,7,Sunday,Sun,1,0
2024-03-25,20240325,2024,1,3,March,Mar,13,25,85,1,Monday,Mon,0,0
2024-03-26,20240326,2024,1,3,March,Mar,13,26,86,2,Tuesday,Tue,0,0
2024-03-27,20240327,2024,1,3,March,Mar,13,27,87,3,Wednesday,Wed,0,0
2024-03-28,20240328,2024,1,3,March,Mar,13,28,88,4,Thursday,Thu,0,0
2024-03-29,20240329,2024,1,3,March,Mar,13,29,89,5,Friday,Fri,0,0
2024-03-30,20240330,2024,1,3,March,Mar,13,30,90,6,Saturday,Sat,1,0
2024-03-31,20240331,2024,1,3,March,Mar,13,31,91,7,Sunday,Sun,1,0
2024-04-01,20240401,2024,2,4,April,Apr,14,1,92,1,Monday,Mon,0,0
2024-04-02,20240402,2024,2,4,April,Apr,14,2,93,2,Tuesday,Tue,0,0
2024-04-03,20240403,2024,2,4,April,Apr,14,3,94,3,Wednesday,Wed,0,0
2024-04-04,20240404,2024,2,4,April,Apr,14,4,95,4,Thursday,Thu,0,0
2024-04-05,20240405,2024,2,4,April,Apr,14,5,96,5,Friday,Fri,0,0
2024-04-06,20240406,2024,2,4,April,Apr,14,6,97,6,Saturday,Sat,1,0
2024-04-07,20240407,2024,2,4,April,Apr,14,7,98,7,Sunday,Sun,1,0
2024-04-08,20240408,2024,2,4,April,Apr,15,8,99,1,Monday,Mon,0,0
2024-04-09,20240409,2024,2,4,April,Apr,15,9,100,2,Tuesday,Tue,0,0
2024-04-10,20240410,2024,2,4,April,Apr,15,10,101,3,Wednesday,Wed,0,0
2024-04-11,20240411,2024,2,4,April,Apr,15,11,102,4,Thursday,Thu,0,0
2024-04-12,20240412,2024,2,4,April,Apr,15,12,103,5,Friday,Fri,0,0
2024-04-13,20240413,2024,2,4,April,Apr,15,13,104,6,Saturday,Sat,1,0
2024-04-14,20240414,2024,2,4,April,Apr,15,14,105,7,Sunday,Sun,1,0
2024-04-15,20240415,2024,2,4,April,Apr,16,15,106,1,Monday,Mon,0,0
2024-04-16,20240416,2024,2,4,April,Apr,16,16,107,2,Tuesday,Tue,0,0
2024-04-17,20240417,2024,2,4,April,Apr,16,17,108,3,Wednesday,Wed,0,0
2024-04-18,20240418,2024,2,4,April,Apr,16,18,109,4,Thursday,Thu,0,0
2024-04-19,20240419,2024,2,4,April,Apr,16,19,110,5,Friday,Fri,0,0
2024-04-20,20240420,2024,2,4,April,Apr,16,20,111,6,Saturday,Sat,1,0
2024-04-21,20240421,2024,2,4,April,Apr,16,21,112,7,Sunday,Sun,1,0
2024-04-22,20240422,2024,2,4,April,Apr,17,22,113,1,Monday,Mon,0,0
2024-04-23,20240423,2024,2,4,April,Apr,17,23,114,2,Tuesday,Tue,0,0
2024-04-24,20240424,2024,2,4,April,Apr,17,24,115,3,Wednesday,Wed,0,0
2024-04-25,20240425,2024,2,4,April,Apr,17,25,116,4,Thursday,Thu,0,0
2024-04-26,20240426,2024,2,4,April,Apr,17,26,117,5,Friday,Fri,0,0
2024-04-27,20240427,2024,2,4,April,Apr,17,27,118,6,Saturday,Sat,1,0
2024-04-28,20240428,2024,2,4,April,Apr,17,28,119,7,Sunday,Sun,1,0
2024-04-29,20240429,2024,2,4,April,Apr,18,29,120,1,Monday,Mon,0,0
2024-04-30,20240430,2024,2,4,April,Apr,18,30,121,2,Tuesday,Tue,0,0
2024-05-01,20240501,2024,2,5,May,May,18,1,122,3,Wednesday,Wed,0,0
2024-05-02,20240502,2024,2,5,May,May,18,2,123,4,Thursday,Thu,0,0
2024-05-03,20240503,2024,2,5,May,May,18,3,124,5,Friday,Fri,0,0
2024-05-04,20240504,2024,2,5,May,May,18,4,125,6,Saturday,Sat,1,0
2024-05-05,20240505,2024,2,5,May,May,18,5,126,7,Sunday,Sun,1,0
2024-05-06,20240506,2024,2,5,May,May,19,6,127,1,Monday,Mon,0,0
2024-05-07,20240507,2024,2,5,May,May,19,7,128,2,Tuesday,Tue,0,0
2024-05-08,20240508,2024,2,5,May,May,19,8,129,3,Wednesday,Wed,0,0
2024-05-09,20240509,2024,2,5,May,May,19,9,130,4,Thursday,Thu,0,0
2024-05-10,20240510,2024,2,5,May,May,19,10,131,5,Friday,Fri,0,0
2024-05-11,20240511,2024,2,5,May,May,19,11,132,6,Saturday,Sat,1,0
2024-05-12,20240512,2024,2,5,May,May,19,12,133,7,Sunday,Sun,1,0
2024-05-13,20240513,2024,2,5,May,May,20,13,134,1,Monday,Mon,0,0
2024-05-14,20240514,2024,2,5,May,May,20,14,135,2,Tuesday,Tue,0,0
2024-05-15,20240515,2024,2,5,May,May,20,15,136,3,Wednesday,Wed,0,0
2024-05-16,20240516,2024,2,5,May,May,20,16,137,4,Thursday,Thu,0,0
2024-05-17,20240517,2024,2,5,May,May,20,17,138,5,Friday,Fri,0,0
2024-05-18,20240518,2024,2,5,May,May,20,18,139,6,Saturday,Sat,1,0
2024-05-19,20240519,2024,2,5,May,May,20,19,140,7,Sunday,Sun,1,0
2024-05-20,20240520,2024,2,5,May,May,21,20,141,1,Monday,Mon,0,0
2024-05-21,20240521,2024,2,5,May,May,21,21,142,2,Tuesday,Tue,0,0
2024-05-22,20240522,2024,2,5,May,May,21,22,143,3,Wednesday,Wed,0,0
2024-05-23,20240523,2024,2,5,May,May,21,23,144,4,Thursday,Thu,0,0
2024-05-24,20240524,2024,2,5,May,May,21,24,145,5,Friday,Fri,0,0
2024-05-25,20240525,2024,2,5,May,May,21,25,146,6,Saturday,Sat,1,0
2024-05-26,20240526,2024,2,5,May,May,21,26,147,7,Sunday,Sun,1,0
2024-05-27,20240527,2024,2,5,May,May,22,27,148,1,Monday,Mon,0,0
2024-05-28,20240528,2024,2,5,May,May,22,28,149,2,Tuesday,Tue,0,0
2024-05-29,20240529,2024,2,5,May,May,22,29,150,3,Wednesday,Wed,0,0
2024-05-30,20240530,2024,2,5,May,May,22,30,151,4,Thursday,Thu,0,0
2024-05-31,20240531,2024,2,5,May,May,22,31,152,5,Friday,Fri,0,0
2024-06-01,20240601,2024,2,6,June,Jun,22,1,153,6,Saturday,Sat,1,0
2024-06-02,20240602,2024,2,6,June,Jun,22,2,154,7,Sunday,Sun,1,0
2024-06-03,20240603,2024,2,6,June,Jun,23,3,155,1,Monday,Mon,0,0
2024-06-04,20240604,2024,2,6,June,Jun,23,4,156,2,Tuesday,Tue,0,0
2024-06-05,20240605,2024,2,6,June,Jun,23,5,157,3,Wednesday,Wed,0,0
2024-06-06,20240606,2024,2,6,June,Jun,23,6,158,4,Thursday,Thu,0,0
2024-06-07,20240607,2024,2,6,June,Jun,23,7,159,5,Friday,Fri,0,0
2024-06-08,20240608,2024,2,6,June,Jun,23,8,160,6,Saturday,Sat,1,0
2024-06-09,20240609,2024,2,6,June,Jun,23,9,161,7,Sunday,Sun,1,0
2024-06-10,20240610,2024,2,6,June,Jun,24,10,162,1,Monday,Mon,0,0
2024-06-11,20240611,2024,2,6,June,Jun,24,11,163,2,Tuesday,Tue,0,0
2024-06-12,20240612,2024,2,6,June,Jun,24,12,164,3,Wednesday,Wed,0,0
2024-06-13,20240613,2024,2,6,June,Jun,24,13,165,4,Thursday,Thu,0,0
2024-06-14,20240614,2024,2,6,June,Jun,24,14,166,5,Friday,Fri,0,0
2024-06-15,20240615,2024,2,6,June,Jun,24,15,167,6,Saturday,Sat,1,0
2024-06-16,20240616,2024,2,6,June,Jun,24,16,168,7,Sunday,Sun,1,0
2024-06-17,20240617,2024,2,6,June,Jun,25,17,169,1,Monday,Mon,0,0
2024-06-18,20240618,2024,2,6,June,Jun,25,18,170,2,Tuesday,Tue,0,0
2024-06-19,20240619,2024,2,6,June,Jun,25,19,171,3,Wednesday,Wed,0,0
2024-06-20,20240620,2024,2,6,June,Jun,25,20,172,4,Thursday,Thu,0,0
2024-06-21,20240621,2024,2,6,June,Jun,25,21,173,5,Friday,Fri,0,0
2024-06-22,20240622,2024,2,6,June,Jun,25,22,174,6,Saturday,Sat,1,0
2024-06-23,20240623,2024,2,6,June,Jun,25,23,175,7,Sunday,Sun,1,0
2024-06-24,20240624,2024,2,6,June,Jun,26,24,176,1,Monday,Mon,0,0
2024-06-25,20240625,2024,2,6,June,Jun,26,25,177,2,Tuesday,Tue,0,0
2024-06-26,20240626,2024,2,6,June,Jun,26,26,178,3,Wednesday,Wed,0,0
2024-06-27,20240627,2024,2,6,June,Jun,26,27,179,4,Thursday,Thu,0,0
2024-06-28,20240628,2024,2,6,June,Jun,26,28,180,5,Friday,Fri,0,0
2024-06-29,20240629,2024,2,6,June,Jun,26,29,181,6,Saturday,Sat,1,0
2024-06-30,20240630,2024,2,6,June,Jun,26,30,182,7,Sunday,Sun,1,0
2024-07-01,20240701,2024,3,7,July,Jul,27,1,183,1,Monday,Mon,0,0
2024-07-02,20240702,2024,3,7,July,Jul,27,2,184,2,Tuesday,Tue,0,0
2024-07-03,20240703,2024,3,7,July,Jul,27,3,185,3,Wednesday,Wed,0,0
2024-07-04,20240704,2024,3,7,July,Jul,27,4,186,4,Thursday,Thu,0,0
2024-07-05,20240705,2024,3,7,July,Jul,27,5,187,5,Friday,Fri,0,0
2024-07-06,20240706,2024,3,7,July,Jul,27,6,188,6,Saturday,Sat,1,0
2024-07-07,20240707,2024,3,7,July,Jul,27,7,189,7,Sunday,Sun,1,0
2024-07-08,20240708,2024,3,7,July,Jul,28,8,190,1,Monday,Mon,0,0
2024-07-09,20240709,2024,3,7,July,Jul,28,9,191,2,Tuesday,Tue,0,0
2024-07-10,20240710,2024,3,7,July,Jul,28,10,192,3,Wednesday,Wed,0,0
2024-07-11,20240711,2024,3,7,July,Jul,28,11,193,4,Thursday,Thu,0,0
2024-07-12,20240712,2024,3,7,July,Jul,28,12,194,5,Friday,Fri,0,0
2024-07-13,20240713,2024,3,7,July,Jul,28,13,195,6,Saturday,Sat,1,0
2024-07-14,20240714,2024,3,7,July,Jul,28,14,196,7,Sunday,Sun,1,0
2024-07-15,20240715,2024,3,7,July,Jul,29,15,197,1,Monday,Mon,0,0
2024-07-16,20240716,2024,3,7,July,Jul,29,16,198,2,Tuesday,Tue,0,0
2024-07-17,20240717,2024,3,7,July,Jul,29,17,199,3,Wednesday,Wed,0,0
2024-07-18,20240718,2024,3,7,July,Jul,29,18,200,4,Thursday,Thu,0,0
2024-07-19,20240719,2024,3,7,July,Jul,29,19,201,5,Friday,Fri,0,0
2024-07-20,20240720,2024,3,7,July,Jul,29,20,202,6,Saturday,Sat,1,0
2024-07-21,20240721,2024,3,7,July,Jul,29,21,203,7,Sunday,Sun,1,0
2024-07-22,20240722,2024,3,7,July,Jul,30,22,204,1,Monday,Mon,0,0
2024-07-23,20240723,2024,3,7,July,Jul,30,23,205,2,Tuesday,Tue,0,0
2024-07-24,20240724,2024,3,7,July,Jul,30,24,206,3,Wednesday,Wed,0,0
2024-07-25,20240725,2024,3,7,July,Jul,30,25,207,4,Thursday,Thu,0,0
2024-07-26,20240726,2024,3,7,July,Jul,30,26,208,5,Friday,Fri,0,0
2024-07-27,20240727,2024,3,7,July,Jul,30,27,209,6,Saturday,Sat,1,0
2024-07-28,20240728,2024,3,7,July,Jul,30,28,210,7,Sunday,Sun,1,0
2024-07-29,20240729,2024,3,7,July,Jul,31,29,211,1,Monday,Mon,0,0
2024-07-30,20240730,2024,3,7,July,Jul,31,30,212,2,Tuesday,Tue,0,0
2024-07-31,20240731,2024,3,7,July,Jul,31,31,213,3,Wednesday,Wed,0,0
2024-08-01,20240801,2024,3,8,August,Aug,31,1,214,4,Thursday,Thu,0,0
2024-08-02,20240802,2024,3,8,August,Aug,31,2,215,5,Friday,Fri,0,0
2024-08-03,20240803,2024,3,8,August,Aug,31,3,216,6,Saturday,Sat,1,0
2024-08-04,20240804,2024,3,8,August,Aug,31,4,217,7,Sunday,Sun,1,0
2024-08-05,20240805,2024,3,8,August,Aug,32,5,218,1,Monday,Mon,0,0
2024-08-06,20240806,2024,3,8,August,Aug,32,6,219,2,Tuesday,Tue,0,0
2024-08-07,20240807,2024,3,8,August,Aug,32,7,220,3,Wednesday,Wed,0,0
2024-08-08,20240808,2024,3,8,August,Aug,32,8,221,4,Thursday,Thu,0,0
2024-08-09,20240809,2024,3,8,August,Aug,32,9,222,5,Friday,Fri,0,0
2024-08-10,20240810,2024,3,8,August,Aug,32,10,223,6,Saturday,Sat,1,0
2024-08-11,20240811,2024,3,8,August,Aug,32,11,224,7,Sunday,Sun,1,0
2024-08-12,20240812,2024,3,8,August,Aug,33,12,225,1,Monday,Mon,0,0
2024-08-13,20240813,2024,3,8,August,Aug,33,13,226,2,Tuesday,Tue,0,0
2024-08-14,20240814,2024,3,8,August,Aug,33,14,227,3,Wednesday,Wed,0,0
2024-08-15,20240815,2024,3,8,August,Aug,33,15,228,4,Thursday,Thu,0,0
2024-08-16,20240816,2024,3,8,August,Aug,33,16,229,5,Friday,Fri,0,0
2024-08-17,20240817,2024,3,8,August,Aug,33,17,230,6,Saturday,Sat,1,0
2024-08-18,20240818,2024,3,8,August,Aug,33,18,231,7,Sunday,Sun,1,0
2024-08-19,20240819,2024,3,8,August,Aug,34,19,232,1,Monday,Mon,0,0
2024-08-20,20240820,2024,3,8,August,Aug,34,20,233,2,Tuesday,Tue,0,0
2024-08-21,20240821,2024,3,8,August,Aug,34,21,234,3,Wednesday,Wed,0,0
2024-08-22,20240822,2024,3,8,August,Aug,34,22,235,4,Thursday,Thu,0,0
2024-08-23,20240823,2024,3,8,August,Aug,34,23,236,5,Friday,Fri,0,0
2024-08-24,20240824,2024,3,8,August,Aug,34,24,237,6,Saturday,Sat,1,0
2024-08-25,20240825,2024,3,8,August,Aug,34,25,238,7,Sunday,Sun,1,0
2024-08-26,20240826,2024,3,8,August,Aug,35,26,239,1,Monday,Mon,0,0
2024-08-27,20240827,2024,3,8,August,Aug,35,27,240,2,Tuesday,Tue,0,0
2024-08-28,20240828,2024,3,8,August,Aug,35,28,241,3,Wednesday,Wed,0,0
2024-08-29,20240829,2024,3,8,August,Aug,35,29,242,4,Thursday,Thu,0,0
2024-08-30,20240830,2024,3,8,August,Aug,35,30,243,5,Friday,Fri,0,0
2024-08-31,20240831,2024,3,8,August,Aug,35,31,244,6,Saturday,Sat,1,0
2024-09-01,20240901,2024,3,9,September,Sep,35,1,245,7,Sunday,Sun,1,0
2024-09-02,20240902,2024,3,9,September,Sep,36,2,246,1,Monday,Mon,0,0
2024-09-03,20240903,2024,3,9,September,Sep,36,3,247,2,Tuesday,Tue,0,0
2024-09-04,20240904,2024,3,9,September,Sep,36,4,248,3,Wednesday,Wed,0,0
2024-09-05,20240905,2024,3,9,September,Sep,36,5,249,4,Thursday,Thu,0,0
2024-09-06,20240906,2024,3,9,September,Sep,36,6,250,5,Friday,Fri,0,0
2024-09-07,20240907,2024,3,9,September,Sep,36,7,251,6,Saturday,Sat,1,0
2024-09-08,20240908,2024,3,9,September,Sep,36,8,252,7,Sunday,Sun,1,0
2024-09-09,20240909,2024,3,9,September,Sep,37,9,253,1,Monday,Mon,0,0
2024-09-10,20240910,2024,3,9,September,Sep,37,10,254,2,Tuesday,Tue,0,0
2024-09-11,20240911,2024,3,9,September,Sep,37,11,255,3,Wednesday,Wed,0,0
2024-09-12,20240912,2024,3,9,September,Sep,37,12,256,4,Thursday,Thu,0,0
2024-09-13,20240913,2024,3,9,September,Sep,37,13,257,5,Friday,Fri,0,0
2024-09-14,20240914,2024,3,9,September,Sep,37,14,258,6,Saturday,Sat,1,0
2024-09-15,20240915,2024,3,9,September,Sep,37,15,259,7,Sunday,Sun,1,0
2024-09-16,20240916,2024,3,9,September,Sep,38,16,260,1,Monday,Mon,0,0
2024-09-17,20240917,2024,3,9,September,Sep,38,17,261,2,Tuesday,Tue,0,0
2024-09-18,20240918,2024,3,9,September,Sep,38,18,262,3,Wednesday,Wed,0,0
2024-09-19,20240919,2024,3,9,September,Sep,38,19,263,4,Thursday,Thu,0,0
2024-09-20,20240920,2024,3,9,September,Sep,38,20,264,5,Friday,Fri,0,0
2024-09-21,20240921,2024,3,9,September,Sep,38,21,265,6,Saturday,Sat,1,0
2024-09-22,20240922,2024,3,9,September,Sep,38,22,266,7,Sunday,Sun,1,0
2024-09-23,20240923,2024,3,9,September,Sep,39,23,267,1,Monday,Mon,0,0
2024-09-24,20240924,2024,3,9,September,Sep,39,24,268,2,Tuesday,Tue,0,0
2024-09-25,20240925,2024,3,9,September,Sep,39,25,269,3,Wednesday,Wed,0,0
2024-09-26,20240926,2024,3,9,September,Sep,39,26,270,4,Thursday,Thu,0,0
2024-09-27,20240927,2024,3,9,September,Sep,39,27,271,5,Friday,Fri,0,0
2024-09-28,20240928,2024,3,9,September,Sep,39,28,272,6,Saturday,Sat,1,0
2024-09-29,20240929,2024,3,9,September,Sep,39,29,273,7,Sunday,Sun,1,0
2024-09-30,20240930,2024,3,9,September,Sep,40,30,274,1,Monday,Mon,0,0
2024-10-01,20241001,2024,4,10,October,Oct,40,1,275,2,Tuesday,Tue,0,0
2024-10-02,20241002,2024,4,10,October,Oct,40,2,276,3,Wednesday,Wed,0,0
2024-10-03,20241003,2024,4,10,October,Oct,40,3,277,4,Thursday,Thu,0,0
2024-10-04,20241004,2024,4,10,October,Oct,40,4,278,5,Friday,Fri,0,0
2024-10-05,20241005,2024,4,10,October,Oct,40,5,279,6,Saturday,Sat,1,0
2024-10-06,20241006,2024,4,10,October,Oct,40,6,280,7,Sunday,Sun,1,0
2024-10-07,20241007,2024,4,10,October,Oct,41,7,281,1,Monday,Mon,0,0
2024-10-08,20241008,2024,4,10,October,Oct,41,8,282,2,Tuesday,Tue,0,0
2024-10-09,20241009,2024,4,10,October,Oct,41,9,283,3,Wednesday,Wed,0,0
2024-10-10,20241010,2024,4,10,October,Oct,41,10,284,4,Thursday,Thu,0,0
2024-10-11,20241011,2024,4,10,October,Oct,41,11,285,5,Friday,Fri,0,0
2024-10-12,20241012,2024,4,10,October,Oct,41,12,286,6,Saturday,Sat,1,0
2024-10-13,20241013,2024,4,10,October,Oct,41,13,287,7,Sunday,Sun,1,0
2024-10-14,20241014,2024,4,10,October,Oct,42,14,288,1,Monday,Mon,0,0
2024-10-15,20241015,2024,4,10,October,Oct,42,15,289,2,Tuesday,Tue,0,0
2024-10-16,20241016,2024,4,10,October,Oct,42,16,290,3,Wednesday,Wed,0,0
2024-10-17,20241017,2024,4,10,October,Oct,42,17,291,4,Thursday,Thu,0,0
2024-10-18,20241018,2024,4,10,October,Oct,42,18,292,5,Friday,Fri,0,0
2024-10-19,20241019,2024,4,10,October,Oct,42,19,293,6,Saturday,Sat,1,0
2024-10-20,20241020,2024,4,10,October,Oct,42,20,294,7,Sunday,Sun,1,0
2024-10-21,20241021,2024,4,10,October,Oct,43,21,295,1,Monday,Mon,0,0
2024-10-22,20241022,2024,4,10,October,Oct,43,22,296,2,Tuesday,Tue,0,0
2024-10-23,20241023,2024,4,10,October,Oct,43,23,297,3,Wednesday,Wed,0,0
2024-10-24,20241024,2024,4,10,October,Oct,43,24,298,4,Thursday,Thu,0,0
2024-10-25,20241025,2024,4,10,October,Oct,43,25,299,5,Friday,Fri,0,0
2024-10-26,20241026,2024,4,10,October,Oct,43,26,300,6,Saturday,Sat,1,0
2024-10-27,20241027,2024,4,10,October,Oct,43,27,301,7,Sunday,Sun,1,0
2024-10-28,20241028,2024,4,10,October,Oct,44,28,302,1,Monday,Mon,0,0
2024-10-29,20241029,2024,4,10,October,Oct,44,29,303,2,Tuesday,Tue,0,0
2024-10-30,20241030,2024,4,10,October,Oct,44,30,304,3,Wednesday,Wed,0,0
2024-10-31,20241031,2024,4,10,October,Oct,44,31,305,4,Thursday,Thu,0,0
2024-11-01,20241101,2024,4,11,November,Nov,44,1,306,5,Friday,Fri,0,0
2024-11-02,20241102,2024,4,11,November,Nov,44,2,307,6,Saturday,Sat,1,0
2024-11-03,20241103,2024,4,11,November,Nov,44,3,308,7,Sunday,Sun,1,0
2024-11-04,20241104,2024,4,11,November,Nov,45,4,309,1,Monday,Mon,0,0
2024-11-05,20241105,2024,4,11,November,Nov,45,5,310,2,Tuesday,Tue,0,0
2024-11-06,20241106,2024,4,11,November,Nov,45,6,311,3,Wednesday,Wed,0,0
2024-11-07,20241107,2024,4,11,November,Nov,45,7,312,4,Thursday,Thu,0,0
2024-11-08,20241108,2024,4,11,November,Nov,45,8,313,5,Friday,Fri,0,0
2024-11-09,20241109,2024,4,11,November,Nov,45,9,314,6,Saturday,Sat,1,0
2024-11-10,20241110,2024,4,11,November,Nov,45,10,315,7,Sunday,Sun,1,0
2024-11-11,20241111,2024,4,11,November,Nov,46,11,316,1,Monday,Mon,0,0
2024-11-12,20241112,2024,4,11,November,Nov,46,12,317,2,Tuesday,Tue,0,0
2024-11-13,20241113,2024,4,11,November,Nov,46,13,318,3,Wednesday,Wed,0,0
2024-11-14,20241114,2024,4,11,November,Nov,46,14,319,4,Thursday,Thu,0,0
2024-11-15,20241115,2024,4,11,November,Nov,46,15,320,5,Friday,Fri,0,0
2024-11-16,20241116,2024,4,11,November,Nov,46,16,321,6,Saturday,Sat,1,0
2024-11-17,20241117,2024,4,11,November,Nov,46,17,322,7,Sunday,Sun,1,0
2024-11-18,20241118,2024,4,11,November,Nov,47,18,323,1,Monday,Mon,0,0
2024-11-19,20241119,2024,4,11,November,Nov,47,19,324,2,Tuesday,Tue,0,0
2024-11-20,20241120,2024,4,11,November,Nov,47,20,325,3,Wednesday,Wed,0,0
2024-11-21,20241121,2024,4,11,November,Nov,47,21,326,4,Thursday,Thu,0,0
2024-11-22,20241122,2024,4,11,November,Nov,47,22,327,5,Friday,Fri,0,0
2024-11-23,20241123,2024,4,11,November,Nov,47,23,328,6,Saturday,Sat,1,0
2024-11-24,20241124,2024,4,11,November,Nov,47,24,329,7,Sunday,Sun,1,0
2024-11-25,20241125,2024,4,11,November,Nov,48,25,330,1,Monday,Mon,0,0
2024-11-26,20241126,2024,4,11,November,Nov,48,26,331,2,Tuesday,Tue,0,0
2024-11-27,20241127,2024,4,11,November,Nov,48,27,332,3,Wednesday,Wed,0,0
2024-11-28,20241128,2024,4,11,November,Nov,48,28,333,4,Thursday,Thu,0,0
2024-11-29,20241129,2024,4,11,November,Nov,48,29,334,5,Friday,Fri,0,0
2024-11-30,20241130,2024,4,11,November,Nov,48,30,335,6,Saturday,Sat,1,0
2024-12-01,20241201,2024,4,12,December,Dec,48,1,336,7,Sunday,Sun,1,0
2024-12-02,20241202,2024,4,12,December,Dec,49,2,337,1,Monday,Mon,0,0
2024-12-03,20241203,2024,4,12,December,Dec,49,3,338,2,Tuesday,Tue,0,0
2024-12-04,20241204,2024,4,12,December,Dec,49,4,339,3,Wednesday,Wed,0,0
2024-12-05,20241205,2024,4,12,December,Dec,49,5,340,4,Thursday,Thu,0,0
2024-12-06,20241206,2024,4,12,December,Dec,49,6,341,5,Friday,Fri,0,0
2024-12-07,20241207,2024,4,12,December,Dec,49,7,342,6,Saturday,Sat,1,0
2024-12-08,20241208,2024,4,12,December,Dec,49,8,343,7,Sunday,Sun,1,0
2024-12-09,20241209,2024,4,12,December,Dec,50,9,344,1,Monday,Mon,0,0
2024-12-10,20241210,2024,4,12,December,Dec,50,10,345,2,Tuesday,Tue,0,0
2024-12-11,20241211,2024,4,12,December,Dec,50,11,346,3,Wednesday,Wed,0,0
2024-12-12,20241212,2024,4,12,December,Dec,50,12,347,4,Thursday,Thu,0,0
2024-12-13,20241213,2024,4,12,December,Dec,50,13,348,5,Friday,Fri,0,0
2024-12-14,20241214,2024,4,12,December,Dec,50,14,349,6,Saturday,Sat,1,0
2024-12-15,20241215,2024,4,12,December,Dec,50,15,350,7,Sunday,Sun,1,0
2024-12-16,20241216,2024,4,12,December,Dec,51,16,351,1,Monday,Mon,0,0
2024-12-17,20241217,2024,4,12,December,Dec,51,17,352,2,Tuesday,Tue,0,0
2024-12-18,20241218,2024,4,12,December,Dec,51,18,353,3,Wednesday,Wed,0,0
2024-12-19,20241219,2024,4,12,December,Dec,51,19,354,4,Thursday,Thu,0,0
2024-12-20,20241220,2024,4,12,December,Dec,51,20,355,5,Friday,Fri,0,0
2024-12-21,20241221,2024,4,12,December,Dec,51,21,356,6,Saturday,Sat,1,0
2024-12-22,20241222,2024,4,12,December,Dec,51,22,357,7,Sunday,Sun,1,0
2024-12-23,20241223,2024,4,12,December,Dec,52,23,358,1,Monday,Mon,0,0
2024-12-24,20241224,2024,4,12,December,Dec,52,24,359,2,Tuesday,Tue,0,0
2024-12-25,20241225,2024,4,12,December,Dec,52,25,360,3,Wednesday,Wed,0,0
2024-12-26,20241226,2024,4,12,December,Dec,52,26,361,4,Thursday,Thu,0,0
2024-12-27,20241227,2024,4,12,December,Dec,52,27,362,5,Friday,Fri,0,0
2024-12-28,20241228,2024,4,12,December,Dec,52,28,363,6,Saturday,Sat,1,0
2024-12-29,20241229,2024,4,12,December,Dec,52,29,364,7,Sunday,Sun,1,0
2024-12-30,20241230,2024,4,12,December,Dec,1,30,365,1,Monday,Mon,0,0
2024-12-31,20241231,2024,4,12,December,Dec,1,31,366,2,Tuesday,Tue,0,0
