Fecha,Producto,Vendedor,Region,Unidades,Ingresos,Costo,Utilidad,ID_Venta,Año_Mes
2023-01-01,Laptop,Carlos,Este,3,2699.97,1588.51,1111.46,1,2023-01
2023-01-01,Mouse,Carlos,Oeste,6,179.94,96.04,83.9,2,2023-01
2023-01-01,Teclado,María,Norte,5,399.95,214.27,185.68,3,2023-01
2023-01-02,Laptop,María,Este,5,4499.95,2125.7,2374.25,4,2023-01
2023-01-02,Mouse,Carlos,Este,1,29.99,15.56,14.43,5,2023-01
2023-01-02,Teclado,Luis,Oeste,17,1359.83,546.69,813.14,6,2023-01
2023-01-03,Laptop,Ana,Norte,19,17099.81,9015.35,8084.46,7,2023-01
2023-01-03,Mouse,Luis,Norte,14,419.86,244.63,175.23,8,2023-01
2023-01-03,Teclado,Pedro,Este,12,959.88,501.55,458.33,9,2023-01
2023-01-04,Laptop,María,Sur,10,8999.9,5172.6,3827.3,10,2023-01
2023-01-04,Mouse,Ana,Este,18,539.82,294.09,245.73,11,2023-01
2023-01-04,Teclado,Ana,Este,11,879.89,373.17,506.72,12,2023-01
2023-01-05,Laptop,Pedro,Este,2,1799.98,1044.87,755.11,13,2023-01
2023-01-05,Mouse,Pedro,Este,18,539.82,223.1,316.72,14,2023-01
2023-01-05,Teclado,Carlos,Oeste,7,559.93,283.77,276.16,15,2023-01
2023-01-06,Laptop,María,Norte,15,13499.85,5783.71,7716.14,16,2023-01
2023-01-06,Mouse,María,Oeste,11,329.89,132.73,197.16,17,2023-01
2023-01-06,Teclado,Luis,Oeste,18,1439.82,697.46,742.36,18,2023-01
2023-01-07,Laptop,Carlos,Oeste,12,10799.88,4957.23,5842.65,19,2023-01
2023-01-07,Mouse,Carlos,Este,6,179.94,89.47,90.47,20,2023-01
2023-01-07,Teclado,Carlos,Sur,13,1039.87,535.99,503.88,21,2023-01
2023-01-08,Laptop,Carlos,Norte,16,14399.84,5885.9,8513.94,22,2023-01
2023-01-08,Mouse,María,Sur,18,539.82,229.21,310.61,23,2023-01
2023-01-08,Teclado,María,Oeste,10,799.9,409.33,390.57,24,2023-01
2023-01-09,Laptop,Carlos,Oeste,8,7199.92,3374.12,3825.8,25,2023-01
2023-01-09,Mouse,Luis,Sur,18,539.82,294.65,245.17,26,2023-01
2023-01-09,Teclado,Ana,Sur,1,79.99,42.43,37.56,27,2023-01
2023-01-10,Laptop,Ana,Sur,8,7199.92,4097.62,3102.3,28,2023-01
2023-01-10,Mouse,Luis,Oeste,6,179.94,96.9,83.04,29,2023-01
2023-01-10,Teclado,Carlos,Oeste,5,399.95,194.37,205.58,30,2023-01
2023-01-11,Laptop,María,Norte,15,13499.85,7216.93,6282.92,31,2023-01
2023-01-11,Mouse,Ana,Norte,15,449.85,204.72,245.13,32,2023-01
2023-01-11,Teclado,Pedro,Oeste,2,159.98,73.79,86.19,33,2023-01
2023-01-12,Laptop,Pedro,Sur,1,899.99,502.01,397.98,34,2023-01
2023-01-12,Mouse,Luis,Sur,11,329.89,161.41,168.48,35,2023-01
2023-01-12,Teclado,Carlos,Norte,10,799.9,447.68,352.22,36,2023-01
2023-01-13,Laptop,Ana,Oeste,18,16199.82,9144.55,7055.27,37,2023-01
2023-01-13,Mouse,Carlos,Norte,18,539.82,308.51,231.31,38,2023-01
2023-01-13,Teclado,Ana,Norte,17,1359.83,793.23,566.6,39,2023-01
2023-01-14,Laptop,Luis,Este,8,7199.92,3500.58,3699.34,40,2023-01
2023-01-14,Mouse,Luis,Este,15,449.85,208.63,241.22,41,2023-01
2023-01-14,Teclado,Pedro,Este,8,639.92,330.48,309.44,42,2023-01
2023-01-15,Laptop,Carlos,Sur,17,15299.83,7255.71,8044.12,43,2023-01
2023-01-15,Mouse,Pedro,Oeste,12,359.88,187.21,172.67,44,2023-01
2023-01-15,Teclado,Carlos,Oeste,8,639.92,346.27,293.65,45,2023-01
2023-01-16,Laptop,Pedro,Oeste,14,12599.86,6774.71,5825.15,46,2023-01
2023-01-16,Mouse,María,Oeste,4,119.96,56.97,62.99,47,2023-01
2023-01-16,Teclado,María,Este,1,79.99,34.67,45.32,48,2023-01
2023-01-17,Laptop,María,Sur,1,899.99,437.49,462.5,49,2023-01
2023-01-17,Mouse,María,Sur,19,569.81,244.17,325.64,50,2023-01
2023-01-17,Teclado,Ana,Este,16,1279.84,739.77,540.07,51,2023-01
2023-01-18,Laptop,María,Sur,14,12599.86,5911.55,6688.31,52,2023-01
2023-01-18,Mouse,Luis,Este,16,479.84,206.76,273.08,53,2023-01
2023-01-18,Teclado,Luis,Oeste,5,399.95,162.02,237.93,54,2023-01
2023-01-19,Laptop,Ana,Este,9,8099.91,4286.18,3813.73,55,2023-01
2023-01-19,Mouse,María,Oeste,2,59.98,31.63,28.35,56,2023-01
2023-01-19,Teclado,María,Oeste,18,1439.82,674.01,765.81,57,2023-01
2023-01-20,Laptop,María,Norte,6,5399.94,2237.42,3162.52,58,2023-01
2023-01-20,Mouse,Pedro,Este,9,269.91,130.08,139.83,59,2023-01
2023-01-20,Teclado,Carlos,Norte,1,79.99,36.97,43.02,60,2023-01
2023-01-21,Laptop,Pedro,Este,9,8099.91,4336.89,3763.02,61,2023-01
2023-01-21,Mouse,Carlos,Este,16,479.84,250.07,229.77,62,2023-01
2023-01-21,Teclado,María,Norte,13,1039.87,491.77,548.1,63,2023-01
2023-01-22,Laptop,María,Norte,9,8099.91,3592.95,4506.96,64,2023-01
2023-01-22,Mouse,Pedro,Este,13,389.87,232.99,156.88,65,2023-01
2023-01-22,Teclado,Pedro,Sur,9,719.91,353.33,366.58,66,2023-01
2023-01-23,Laptop,Carlos,Oeste,11,9899.89,5322.72,4577.17,67,2023-01
2023-01-23,Mouse,Luis,Norte,4,119.96,51.36,68.6,68,2023-01
2023-01-23,Teclado,Carlos,Oeste,2,159.98,79.53,80.45,69,2023-01
2023-01-24,Laptop,Pedro,Sur,6,5399.94,2189.72,3210.22,70,2023-01
2023-01-24,Mouse,Pedro,Sur,14,419.86,210.39,209.47,71,2023-01
2023-01-24,Teclado,Ana,Sur,4,319.96,189.67,130.29,72,2023-01
2023-01-25,Laptop,Pedro,Norte,6,5399.94,2574.91,2825.03,73,2023-01
2023-01-25,Mouse,Ana,Sur,19,569.81,232.37,337.44,74,2023-01
2023-01-25,Teclado,Luis,Norte,6,479.94,194.95,284.99,75,2023-01
2023-01-26,Laptop,Carlos,Sur,2,1799.98,859.67,940.31,76,2023-01
2023-01-26,Mouse,Carlos,Oeste,18,539.82,233.2,306.62,77,2023-01
2023-01-26,Teclado,Ana,Oeste,13,1039.87,420.8,619.07,78,2023-01
2023-01-27,Laptop,Carlos,Este,9,8099.91,4465.02,3634.89,79,2023-01
2023-01-27,Mouse,Pedro,Oeste,19,569.81,280.18,289.63,80,2023-01
2023-01-27,Teclado,María,Este,13,1039.87,476.1,563.77,81,2023-01
2023-01-28,Laptop,Ana,Oeste,11,9899.89,5742.1,4157.79,82,2023-01
2023-01-28,Mouse,Carlos,Norte,1,29.99,12.69,17.3,83,2023-01
2023-01-28,Teclado,Ana,Oeste,7,559.93,331.02,228.91,84,2023-01
2023-01-29,Laptop,Ana,Este,15,13499.85,6247.64,7252.21,85,2023-01
2023-01-29,Mouse,María,Este,1,29.99,17.32,12.67,86,2023-01
2023-01-29,Teclado,Pedro,Sur,12,959.88,499.7,460.18,87,2023-01
2023-01-30,Laptop,Ana,Norte,7,6299.93,3561.61,2738.32,88,2023-01
2023-01-30,Mouse,Carlos,Oeste,15,449.85,268.47,181.38,89,2023-01
2023-01-30,Teclado,Luis,Sur,19,1519.81,695.59,824.22,90,2023-01
2023-01-31,Laptop,Ana,Oeste,1,899.99,533.0,366.99,91,2023-01
2023-01-31,Mouse,Ana,Oeste,17,509.83,243.65,266.18,92,2023-01
2023-01-31,Teclado,María,Sur,17,1359.83,648.78,711.05,93,2023-01
2023-02-01,Laptop,Pedro,Sur,3,2699.97,1263.79,1436.18,94,2023-02
2023-02-01,Mouse,Luis,Sur,12,359.88,182.92,176.96,95,2023-02
2023-02-01,Teclado,Carlos,Sur,6,479.94,206.77,273.17,96,2023-02
2023-02-02,Laptop,Luis,Sur,11,9899.89,5056.29,4843.6,97,2023-02
2023-02-02,Mouse,Carlos,Oeste,3,89.97,45.74,44.23,98,2023-02
2023-02-02,Teclado,Pedro,Sur,8,639.92,353.48,286.44,99,2023-02
2023-02-03,Laptop,Carlos,Norte,14,12599.86,7140.72,5459.14,100,2023-02
2023-02-03,Mouse,María,Este,14,419.86,204.93,214.93,101,2023-02
2023-02-03,Teclado,María,Sur,10,799.9,368.33,431.57,102,2023-02
2023-02-04,Laptop,María,Sur,2,1799.98,813.35,986.63,103,2023-02
2023-02-04,Mouse,María,Oeste,14,419.86,184.29,235.57,104,2023-02
2023-02-04,Teclado,Luis,Sur,9,719.91,296.26,423.65,105,2023-02
2023-02-05,Laptop,Pedro,Sur,3,2699.97,1264.91,1435.06,106,2023-02
2023-02-05,Mouse,Carlos,Sur,8,239.92,108.94,130.98,107,2023-02
2023-02-05,Teclado,Carlos,Oeste,16,1279.84,759.31,520.53,108,2023-02
2023-02-06,Laptop,María,Sur,2,1799.98,920.76,879.22,109,2023-02
2023-02-06,Mouse,María,Este,6,179.94,84.47,95.47,110,2023-02
2023-02-06,Teclado,Ana,Oeste,12,959.88,495.39,464.49,111,2023-02
2023-02-07,Laptop,Pedro,Este,5,4499.95,1925.26,2574.69,112,2023-02
2023-02-07,Mouse,Luis,Oeste,2,59.98,29.32,30.66,113,2023-02
2023-02-07,Teclado,Carlos,Sur,16,1279.84,672.23,607.61,114,2023-02
2023-02-08,Laptop,Ana,Este,5,4499.95,2239.98,2259.97,115,2023-02
2023-02-08,Mouse,Ana,Oeste,15,449.85,216.09,233.76,116,2023-02
2023-02-08,Teclado,Carlos,Norte,12,959.88,574.75,385.13,117,2023-02
2023-02-09,Laptop,Luis,Sur,4,3599.96,2073.8,1526.16,118,2023-02
2023-02-09,Mouse,Ana,Oeste,15,449.85,236.03,213.82,119,2023-02
2023-02-09,Teclado,Ana,Norte,11,879.89,452.15,427.74,120,2023-02
2023-02-10,Laptop,Pedro,Oeste,16,14399.84,7547.42,6852.42,121,2023-02
2023-02-10,Mouse,Luis,Norte,6,179.94,79.22,100.72,122,2023-02
2023-02-10,Teclado,Ana,Sur,14,1119.86,536.44,583.42,123,2023-02
2023-02-11,Laptop,Luis,Este,18,16199.82,6607.78,9592.04,124,2023-02
2023-02-11,Mouse,Carlos,Norte,12,359.88,178.18,181.7,125,2023-02
2023-02-11,Teclado,María,Oeste,11,879.89,447.52,432.37,126,2023-02
2023-02-12,Laptop,Ana,Sur,13,11699.87,5212.88,6486.99,127,2023-02
2023-02-12,Mouse,Pedro,Norte,11,329.89,195.56,134.33,128,2023-02
2023-02-12,Teclado,Carlos,Oeste,16,1279.84,744.73,535.11,129,2023-02
2023-02-13,Laptop,Luis,Oeste,15,13499.85,7349.71,6150.14,130,2023-02
2023-02-13,Mouse,Carlos,Oeste,15,449.85,227.93,221.92,131,2023-02
2023-02-13,Teclado,Ana,Norte,4,319.96,183.66,136.3,132,2023-02
2023-02-14,Laptop,Luis,Norte,11,9899.89,4218.64,5681.25,133,2023-02
2023-02-14,Mouse,María,Norte,19,569.81,318.01,251.8,134,2023-02
2023-02-14,Teclado,Carlos,Este,15,1199.85,509.89,689.96,135,2023-02
2023-02-15,Laptop,Ana,Norte,4,3599.96,2011.81,1588.15,136,2023-02
2023-02-15,Mouse,Pedro,Norte,13,389.87,177.45,212.42,137,2023-02
2023-02-15,Teclado,Luis,Norte,19,1519.81,874.53,645.28,138,2023-02
2023-02-16,Laptop,Carlos,Este,2,1799.98,1059.84,740.14,139,2023-02
2023-02-16,Mouse,Carlos,Norte,14,419.86,180.44,239.42,140,2023-02
2023-02-16,Teclado,María,Oeste,4,319.96,157.59,162.37,141,2023-02
2023-02-17,Laptop,María,Norte,16,14399.84,8585.15,5814.69,142,2023-02
2023-02-17,Mouse,Pedro,Oeste,14,419.86,208.54,211.32,143,2023-02
2023-02-17,Teclado,Pedro,Oeste,15,1199.85,687.17,512.68,144,2023-02
2023-02-18,Laptop,Ana,Oeste,3,2699.97,1397.9,1302.07,145,2023-02
2023-02-18,Mouse,Ana,Este,8,239.92,113.98,125.94,146,2023-02
2023-02-18,Teclado,Pedro,Este,16,1279.84,585.09,694.75,147,2023-02
2023-02-19,Laptop,Pedro,Este,10,8999.9,3965.76,5034.14,148,2023-02
2023-02-19,Mouse,Luis,Norte,4,119.96,66.26,53.7,149,2023-02
2023-02-19,Teclado,María,Oeste,18,1439.82,687.24,752.58,150,2023-02
2023-02-20,Laptop,Ana,Este,2,1799.98,904.05,895.93,151,2023-02
2023-02-20,Mouse,María,Este,17,509.83,254.13,255.7,152,2023-02
2023-02-20,Teclado,María,Norte,13,1039.87,536.01,503.86,153,2023-02
2023-02-21,Laptop,Pedro,Este,4,3599.96,2063.19,1536.77,154,2023-02
2023-02-21,Mouse,Luis,Norte,11,329.89,196.66,133.23,155,2023-02
2023-02-21,Teclado,Carlos,Sur,7,559.93,269.62,290.31,156,2023-02
2023-02-22,Laptop,Luis,Este,12,10799.88,6107.37,4692.51,157,2023-02
2023-02-22,Mouse,Luis,Sur,10,299.9,165.82,134.08,158,2023-02
2023-02-22,Teclado,María,Norte,7,559.93,288.2,271.73,159,2023-02
2023-02-23,Laptop,Luis,Oeste,13,11699.87,6917.07,4782.8,160,2023-02
2023-02-23,Mouse,Ana,Este,7,209.93,92.39,117.54,161,2023-02
2023-02-23,Teclado,María,Norte,17,1359.83,573.65,786.18,162,2023-02
2023-02-24,Laptop,Ana,Oeste,10,8999.9,5137.07,3862.83,163,2023-02
2023-02-24,Mouse,Carlos,Oeste,10,299.9,146.3,153.6,164,2023-02
2023-02-24,Teclado,María,Sur,4,319.96,182.18,137.78,165,2023-02
2023-02-25,Laptop,Carlos,Norte,4,3599.96,2083.0,1516.96,166,2023-02
2023-02-25,Mouse,María,Oeste,7,209.93,86.59,123.34,167,2023-02
2023-02-25,Teclado,Pedro,Este,1,79.99,46.13,33.86,168,2023-02
2023-02-26,Laptop,Luis,Este,12,10799.88,5288.31,5511.57,169,2023-02
2023-02-26,Mouse,Pedro,Sur,13,389.87,195.75,194.12,170,2023-02
2023-02-26,Teclado,Carlos,Oeste,10,799.9,420.2,379.7,171,2023-02
2023-02-27,Laptop,Luis,Norte,15,13499.85,7901.15,5598.7,172,2023-02
2023-02-27,Mouse,María,Este,13,389.87,157.44,232.43,173,2023-02
2023-02-27,Teclado,Luis,Oeste,9,719.91,356.62,363.29,174,2023-02
2023-02-28,Laptop,Ana,Oeste,9,8099.91,4354.06,3745.85,175,2023-02
2023-02-28,Mouse,Luis,Sur,15,449.85,244.96,204.89,176,2023-02
2023-02-28,Teclado,Ana,Este,10,799.9,430.75,369.15,177,2023-02
2023-03-01,Laptop,Luis,Este,10,8999.9,3841.94,5157.96,178,2023-03
2023-03-01,Mouse,Ana,Norte,8,239.92,110.33,129.59,179,2023-03
2023-03-01,Teclado,Carlos,Este,16,1279.84,603.76,676.08,180,2023-03
2023-03-02,Laptop,Pedro,Norte,17,15299.83,8581.48,6718.35,181,2023-03
2023-03-02,Mouse,María,Este,5,149.95,68.34,81.61,182,2023-03
2023-03-02,Teclado,Luis,Sur,4,319.96,141.47,178.49,183,2023-03
2023-03-03,Laptop,Pedro,Este,18,16199.82,9582.03,6617.79,184,2023-03
2023-03-03,Mouse,María,Norte,19,569.81,228.93,340.88,185,2023-03
2023-03-03,Teclado,María,Norte,4,319.96,191.84,128.12,186,2023-03
2023-03-04,Laptop,Ana,Sur,7,6299.93,3372.76,2927.17,187,2023-03
2023-03-04,Mouse,Carlos,Este,10,299.9,169.65,130.25,188,2023-03
2023-03-04,Teclado,Carlos,Este,18,1439.82,660.77,779.05,189,2023-03
2023-03-05,Laptop,Pedro,Sur,19,17099.81,6888.88,10210.93,190,2023-03
2023-03-05,Mouse,Carlos,Este,4,119.96,65.69,54.27,191,2023-03
2023-03-05,Teclado,Luis,Este,10,799.9,453.41,346.49,192,2023-03
2023-03-06,Laptop,Carlos,Norte,1,899.99,493.28,406.71,193,2023-03
2023-03-06,Mouse,Pedro,Este,18,539.82,231.35,308.47,194,2023-03
2023-03-06,Teclado,Carlos,Este,5,399.95,220.25,179.7,195,2023-03
2023-03-07,Laptop,Luis,Sur,15,13499.85,7476.01,6023.84,196,2023-03
2023-03-07,Mouse,Ana,Sur,17,509.83,271.08,238.75,197,2023-03
2023-03-07,Teclado,Pedro,Oeste,3,239.97,132.76,107.21,198,2023-03
2023-03-08,Laptop,Ana,Norte,12,10799.88,6147.12,4652.76,199,2023-03
2023-03-08,Mouse,Ana,Este,2,59.98,31.35,28.63,200,2023-03
2023-03-08,Teclado,Ana,Este,1,79.99,33.41,46.58,201,2023-03
2023-03-09,Laptop,María,Oeste,17,15299.83,7612.06,7687.77,202,2023-03
2023-03-09,Mouse,María,Este,16,479.84,199.39,280.45,203,2023-03
2023-03-09,Teclado,Ana,Norte,5,399.95,192.58,207.37,204,2023-03
2023-03-10,Laptop,Pedro,Oeste,15,13499.85,6499.12,7000.73,205,2023-03
2023-03-10,Mouse,Luis,Norte,3,89.97,37.18,52.79,206,2023-03
2023-03-10,Teclado,Luis,Oeste,7,559.93,263.04,296.89,207,2023-03
2023-03-11,Laptop,Carlos,Oeste,11,9899.89,4179.73,5720.16,208,2023-03
2023-03-11,Mouse,Pedro,Sur,10,299.9,168.44,131.46,209,2023-03
2023-03-11,Teclado,María,Norte,9,719.91,424.41,295.5,210,2023-03
2023-03-12,Laptop,Ana,Este,14,12599.86,5222.18,7377.68,211,2023-03
2023-03-12,Mouse,Carlos,Este,13,389.87,230.42,159.45,212,2023-03
2023-03-12,Teclado,Luis,Norte,2,159.98,80.71,79.27,213,2023-03
2023-03-13,Laptop,María,Este,3,2699.97,1241.75,1458.22,214,2023-03
2023-03-13,Mouse,María,Este,7,209.93,87.2,122.73,215,2023-03
2023-03-13,Teclado,Ana,Norte,18,1439.82,720.09,719.73,216,2023-03
2023-03-14,Laptop,Luis,Oeste,3,2699.97,1509.02,1190.95,217,2023-03
2023-03-14,Mouse,Pedro,Norte,10,299.9,162.37,137.53,218,2023-03
2023-03-14,Teclado,María,Oeste,7,559.93,229.6,330.33,219,2023-03
2023-03-15,Laptop,Ana,Este,9,8099.91,3358.06,4741.85,220,2023-03
2023-03-15,Mouse,Pedro,Este,17,509.83,245.01,264.82,221,2023-03
2023-03-15,Teclado,Luis,Este,11,879.89,403.92,475.97,222,2023-03
2023-03-16,Laptop,María,Sur,7,6299.93,2812.77,3487.16,223,2023-03
2023-03-16,Mouse,Pedro,Oeste,14,419.86,191.54,228.32,224,2023-03
2023-03-16,Teclado,Pedro,Sur,19,1519.81,852.15,667.66,225,2023-03
2023-03-17,Laptop,Pedro,Sur,4,3599.96,2109.02,1490.94,226,2023-03
2023-03-17,Mouse,María,Norte,6,179.94,86.55,93.39,227,2023-03
2023-03-17,Teclado,María,Sur,10,799.9,464.92,334.98,228,2023-03
2023-03-18,Laptop,Carlos,Norte,7,6299.93,2925.05,3374.88,229,2023-03
2023-03-18,Mouse,Luis,Norte,13,389.87,193.1,196.77,230,2023-03
2023-03-18,Teclado,Ana,Sur,14,1119.86,498.57,621.29,231,2023-03
2023-03-19,Laptop,Pedro,Oeste,4,3599.96,1901.12,1698.84,232,2023-03
2023-03-19,Mouse,Carlos,Oeste,8,239.92,142.94,96.98,233,2023-03
2023-03-19,Teclado,Ana,Oeste,5,399.95,208.25,191.7,234,2023-03
2023-03-20,Laptop,Carlos,Oeste,1,899.99,424.4,475.59,235,2023-03
2023-03-20,Mouse,María,Oeste,4,119.96,63.53,56.43,236,2023-03
2023-03-20,Teclado,Pedro,Sur,3,239.97,101.89,138.08,237,2023-03
2023-03-21,Laptop,Ana,Sur,9,8099.91,4679.58,3420.33,238,2023-03
2023-03-21,Mouse,Ana,Este,8,239.92,120.11,119.81,239,2023-03
2023-03-21,Teclado,Ana,Oeste,1,79.99,39.18,40.81,240,2023-03
2023-03-22,Laptop,Ana,Sur,6,5399.94,2792.7,2607.24,241,2023-03
2023-03-22,Mouse,Ana,Este,9,269.91,141.69,128.22,242,2023-03
2023-03-22,Teclado,Carlos,Oeste,7,559.93,232.01,327.92,243,2023-03
2023-03-23,Laptop,Pedro,Norte,4,3599.96,1931.46,1668.5,244,2023-03
2023-03-23,Mouse,María,Este,13,389.87,174.81,215.06,245,2023-03
2023-03-23,Teclado,María,Sur,17,1359.83,738.1,621.73,246,2023-03
2023-03-24,Laptop,María,Norte,2,1799.98,1016.1,783.88,247,2023-03
2023-03-24,Mouse,María,Norte,5,149.95,84.09,65.86,248,2023-03
2023-03-24,Teclado,Carlos,Norte,12,959.88,490.02,469.86,249,2023-03
2023-03-25,Laptop,Luis,Este,8,7199.92,3629.0,3570.92,250,2023-03
2023-03-25,Mouse,Pedro,Sur,6,179.94,77.12,102.82,251,2023-03
2023-03-25,Teclado,Ana,Norte,8,639.92,355.2,284.72,252,2023-03
2023-03-26,Laptop,Luis,Oeste,18,16199.82,7359.28,8840.54,253,2023-03
2023-03-26,Mouse,María,Norte,3,89.97,44.93,45.04,254,2023-03
2023-03-26,Teclado,Luis,Norte,12,959.88,438.53,521.35,255,2023-03
2023-03-27,Laptop,Pedro,Este,3,2699.97,1152.25,1547.72,256,2023-03
2023-03-27,Mouse,Ana,Este,6,179.94,94.63,85.31,257,2023-03
2023-03-27,Teclado,Ana,Sur,2,159.98,65.73,94.25,258,2023-03
2023-03-28,Laptop,Pedro,Oeste,12,10799.88,5937.01,4862.87,259,2023-03
2023-03-28,Mouse,Pedro,Este,2,59.98,27.8,32.18,260,2023-03
2023-03-28,Teclado,María,Norte,6,479.94,191.99,287.95,261,2023-03
2023-03-29,Laptop,Ana,Sur,17,15299.83,7683.97,7615.86,262,2023-03
2023-03-29,Mouse,Luis,Norte,3,89.97,36.83,53.14,263,2023-03
2023-03-29,Teclado,Carlos,Norte,2,159.98,72.83,87.15,264,2023-03
2023-03-30,Laptop,Carlos,Este,8,7199.92,3898.0,3301.92,265,2023-03
2023-03-30,Mouse,Pedro,Sur,12,359.88,148.46,211.42,266,2023-03
2023-03-30,Teclado,María,Oeste,4,319.96,181.69,138.27,267,2023-03
2023-03-31,Laptop,Carlos,Oeste,5,4499.95,1803.42,2696.53,268,2023-03
2023-03-31,Mouse,Ana,Este,13,389.87,175.19,214.68,269,2023-03
2023-03-31,Teclado,Pedro,Este,15,1199.85,657.73,542.12,270,2023-03
2023-04-01,Laptop,Luis,Sur,16,14399.84,6670.78,7729.06,271,2023-04
2023-04-01,Mouse,Pedro,Oeste,10,299.9,126.07,173.83,272,2023-04
2023-04-01,Teclado,Luis,Oeste,16,1279.84,604.14,675.7,273,2023-04
2023-04-02,Laptop,Pedro,Oeste,12,10799.88,4904.0,5895.88,274,2023-04
2023-04-02,Mouse,Pedro,Norte,17,509.83,289.86,219.97,275,2023-04
2023-04-02,Teclado,Pedro,Oeste,16,1279.84,592.14,687.7,276,2023-04
2023-04-03,Laptop,Luis,Norte,12,10799.88,6024.03,4775.85,277,2023-04
2023-04-03,Mouse,Luis,Sur,8,239.92,138.76,101.16,278,2023-04
2023-04-03,Teclado,Pedro,Norte,3,239.97,116.81,123.16,279,2023-04
2023-04-04,Laptop,Carlos,Sur,16,14399.84,8380.54,6019.3,280,2023-04
2023-04-04,Mouse,María,Oeste,13,389.87,185.37,204.5,281,2023-04
2023-04-04,Teclado,María,Oeste,19,1519.81,900.97,618.84,282,2023-04
2023-04-05,Laptop,María,Sur,8,7199.92,3008.54,4191.38,283,2023-04
2023-04-05,Mouse,Luis,Este,5,149.95,80.58,69.37,284,2023-04
2023-04-05,Teclado,Luis,Sur,8,639.92,319.17,320.75,285,2023-04
2023-04-06,Laptop,Carlos,Este,12,10799.88,5157.26,5642.62,286,2023-04
2023-04-06,Mouse,María,Norte,1,29.99,15.79,14.2,287,2023-04
2023-04-06,Teclado,María,Norte,6,479.94,259.54,220.4,288,2023-04
2023-04-07,Laptop,Pedro,Norte,18,16199.82,6494.06,9705.76,289,2023-04
2023-04-07,Mouse,Luis,Oeste,8,239.92,103.98,135.94,290,2023-04
2023-04-07,Teclado,María,Norte,7,559.93,303.82,256.11,291,2023-04
2023-04-08,Laptop,Carlos,Este,1,899.99,479.94,420.05,292,2023-04
2023-04-08,Mouse,Carlos,Norte,16,479.84,284.65,195.19,293,2023-04
2023-04-08,Teclado,María,Sur,12,959.88,530.05,429.83,294,2023-04
2023-04-09,Laptop,Luis,Sur,6,5399.94,3186.8,2213.14,295,2023-04
2023-04-09,Mouse,Carlos,Oeste,2,59.98,32.42,27.56,296,2023-04
2023-04-09,Teclado,Pedro,Sur,14,1119.86,514.7,605.16,297,2023-04
2023-04-10,Laptop,Carlos,Este,4,3599.96,1515.85,2084.11,298,2023-04
2023-04-10,Mouse,Ana,Norte,1,29.99,16.69,13.3,299,2023-04
2023-04-10,Teclado,Ana,Oeste,18,1439.82,761.42,678.4,300,2023-04
2023-04-11,Laptop,Luis,Norte,13,11699.87,4792.7,6907.17,301,2023-04
2023-04-11,Mouse,María,Norte,2,59.98,28.31,31.67,302,2023-04
2023-04-11,Teclado,Luis,Este,9,719.91,425.73,294.18,303,2023-04
2023-04-12,Laptop,Luis,Sur,2,1799.98,900.13,899.85,304,2023-04
2023-04-12,Mouse,Luis,Sur,9,269.91,131.32,138.59,305,2023-04
2023-04-12,Teclado,Luis,Norte,1,79.99,39.32,40.67,306,2023-04
2023-04-13,Laptop,Pedro,Oeste,11,9899.89,4373.54,5526.35,307,2023-04
2023-04-13,Mouse,Pedro,Sur,3,89.97,42.62,47.35,308,2023-04
2023-04-13,Teclado,Carlos,Oeste,4,319.96,151.65,168.31,309,2023-04
2023-04-14,Laptop,Ana,Sur,18,16199.82,6649.56,9550.26,310,2023-04
2023-04-14,Mouse,Luis,Oeste,6,179.94,99.6,80.34,311,2023-04
2023-04-14,Teclado,Carlos,Este,3,239.97,115.98,123.99,312,2023-04
2023-04-15,Laptop,Ana,Oeste,11,9899.89,5587.85,4312.04,313,2023-04
2023-04-15,Mouse,María,Este,15,449.85,256.45,193.4,314,2023-04
2023-04-15,Teclado,Pedro,Este,5,399.95,176.94,223.01,315,2023-04
2023-04-16,Laptop,Ana,Oeste,10,8999.9,4783.18,4216.72,316,2023-04
2023-04-16,Mouse,María,Este,12,359.88,177.94,181.94,317,2023-04
2023-04-16,Teclado,Ana,Norte,15,1199.85,691.15,508.7,318,2023-04
2023-04-17,Laptop,Pedro,Este,17,15299.83,6780.09,8519.74,319,2023-04
2023-04-17,Mouse,Pedro,Sur,10,299.9,160.62,139.28,320,2023-04
2023-04-17,Teclado,Carlos,Oeste,6,479.94,250.31,229.63,321,2023-04
2023-04-18,Laptop,Luis,Norte,18,16199.82,7436.69,8763.13,322,2023-04
2023-04-18,Mouse,Ana,Oeste,13,389.87,166.6,223.27,323,2023-04
2023-04-18,Teclado,Ana,Sur,3,239.97,127.26,112.71,324,2023-04
2023-04-19,Laptop,María,Sur,10,8999.9,4929.42,4070.48,325,2023-04
2023-04-19,Mouse,Pedro,Sur,14,419.86,194.45,225.41,326,2023-04
2023-04-19,Teclado,Ana,Este,6,479.94,253.87,226.07,327,2023-04
2023-04-20,Laptop,Pedro,Este,3,2699.97,1293.36,1406.61,328,2023-04
2023-04-20,Mouse,Ana,Oeste,16,479.84,260.38,219.46,329,2023-04
2023-04-20,Teclado,Carlos,Oeste,7,559.93,246.28,313.65,330,2023-04
2023-04-21,Laptop,Luis,Norte,14,12599.86,7283.26,5316.6,331,2023-04
2023-04-21,Mouse,Ana,Norte,9,269.91,123.48,146.43,332,2023-04
2023-04-21,Teclado,Pedro,Oeste,15,1199.85,568.2,631.65,333,2023-04
2023-04-22,Laptop,Carlos,Este,3,2699.97,1111.36,1588.61,334,2023-04
2023-04-22,Mouse,Ana,Sur,2,59.98,25.33,34.65,335,2023-04
2023-04-22,Teclado,María,Oeste,2,159.98,80.5,79.48,336,2023-04
2023-04-23,Laptop,Luis,Norte,3,2699.97,1224.49,1475.48,337,2023-04
2023-04-23,Mouse,Ana,Este,18,539.82,306.13,233.69,338,2023-04
2023-04-23,Teclado,Carlos,Oeste,14,1119.86,451.23,668.63,339,2023-04
2023-04-24,Laptop,María,Oeste,18,16199.82,7708.18,8491.64,340,2023-04
2023-04-24,Mouse,Carlos,Este,10,299.9,140.19,159.71,341,2023-04
2023-04-24,Teclado,Carlos,Oeste,2,159.98,64.61,95.37,342,2023-04
2023-04-25,Laptop,María,Este,1,899.99,382.38,517.61,343,2023-04
2023-04-25,Mouse,Carlos,Sur,4,119.96,57.91,62.05,344,2023-04
2023-04-25,Teclado,María,Este,14,1119.86,558.33,561.53,345,2023-04
2023-04-26,Laptop,Ana,Este,1,899.99,432.77,467.22,346,2023-04
2023-04-26,Mouse,María,Este,14,419.86,212.53,207.33,347,2023-04
2023-04-26,Teclado,María,Oeste,16,1279.84,664.27,615.57,348,2023-04
2023-04-27,Laptop,Luis,Oeste,14,12599.86,5064.95,7534.91,349,2023-04
2023-04-27,Mouse,María,Este,3,89.97,44.34,45.63,350,2023-04
2023-04-27,Teclado,María,Oeste,3,239.97,142.23,97.74,351,2023-04
2023-04-28,Laptop,Ana,Norte,9,8099.91,4080.79,4019.12,352,2023-04
2023-04-28,Mouse,Luis,Norte,6,179.94,96.36,83.58,353,2023-04
2023-04-28,Teclado,Pedro,Oeste,13,1039.87,480.81,559.06,354,2023-04
2023-04-29,Laptop,Ana,Oeste,2,1799.98,998.63,801.35,355,2023-04
2023-04-29,Mouse,Ana,Este,8,239.92,133.06,106.86,356,2023-04
2023-04-29,Teclado,Pedro,Sur,2,159.98,80.67,79.31,357,2023-04
2023-04-30,Laptop,María,Oeste,4,3599.96,2142.71,1457.25,358,2023-04
2023-04-30,Mouse,Carlos,Norte,15,449.85,191.24,258.61,359,2023-04
2023-04-30,Teclado,Luis,Este,4,319.96,129.07,190.89,360,2023-04
2023-05-01,Laptop,Carlos,Oeste,13,11699.87,6482.1,5217.77,361,2023-05
2023-05-01,Mouse,Pedro,Norte,12,359.88,202.05,157.83,362,2023-05
2023-05-01,Teclado,Ana,Norte,13,1039.87,440.95,598.92,363,2023-05
2023-05-02,Laptop,Ana,Sur,14,12599.86,5709.21,6890.65,364,2023-05
2023-05-02,Mouse,Luis,Este,18,539.82,217.82,322.0,365,2023-05
2023-05-02,Teclado,Ana,Este,6,479.94,220.13,259.81,366,2023-05
2023-05-03,Laptop,Ana,Sur,11,9899.89,5490.76,4409.13,367,2023-05
2023-05-03,Mouse,Luis,Sur,2,59.98,30.21,29.77,368,2023-05
2023-05-03,Teclado,Luis,Este,19,1519.81,713.73,806.08,369,2023-05
2023-05-04,Laptop,Pedro,Este,19,17099.81,8111.26,8988.55,370,2023-05
2023-05-04,Mouse,Ana,Oeste,5,149.95,60.02,89.93,371,2023-05
2023-05-04,Teclado,Ana,Oeste,19,1519.81,699.05,820.76,372,2023-05
2023-05-05,Laptop,Pedro,Sur,2,1799.98,952.71,847.27,373,2023-05
2023-05-05,Mouse,María,Oeste,10,299.9,178.39,121.51,374,2023-05
2023-05-05,Teclado,María,Norte,2,159.98,91.09,68.89,375,2023-05
2023-05-06,Laptop,María,Oeste,11,9899.89,4006.67,5893.22,376,2023-05
2023-05-06,Mouse,Pedro,Oeste,18,539.82,312.94,226.88,377,2023-05
2023-05-06,Teclado,Ana,Norte,15,1199.85,667.88,531.97,378,2023-05
2023-05-07,Laptop,Pedro,Sur,9,8099.91,4504.16,3595.75,379,2023-05
2023-05-07,Mouse,Pedro,Norte,19,569.81,280.12,289.69,380,2023-05
2023-05-07,Teclado,María,Oeste,9,719.91,345.27,374.64,381,2023-05
2023-05-08,Laptop,Carlos,Sur,3,2699.97,1243.56,1456.41,382,2023-05
2023-05-08,Mouse,Ana,Oeste,9,269.91,111.51,158.4,383,2023-05
2023-05-08,Teclado,María,Norte,14,1119.86,499.06,620.8,384,2023-05
2023-05-09,Laptop,Carlos,Norte,19,17099.81,7683.3,9416.51,385,2023-05
2023-05-09,Mouse,Carlos,Oeste,7,209.93,104.3,105.63,386,2023-05
2023-05-09,Teclado,Luis,Este,16,1279.84,703.26,576.58,387,2023-05
2023-05-10,Laptop,Ana,Este,16,14399.84,7124.49,7275.35,388,2023-05
2023-05-10,Mouse,Carlos,Norte,1,29.99,12.34,17.65,389,2023-05
2023-05-10,Teclado,María,Norte,4,319.96,189.27,130.69,390,2023-05
2023-05-11,Laptop,Luis,Este,4,3599.96,2118.74,1481.22,391,2023-05
2023-05-11,Mouse,Ana,Este,7,209.93,116.94,92.99,392,2023-05
2023-05-11,Teclado,Pedro,Oeste,8,639.92,382.84,257.08,393,2023-05
2023-05-12,Laptop,María,Oeste,17,15299.83,7786.03,7513.8,394,2023-05
2023-05-12,Mouse,Carlos,Este,5,149.95,88.85,61.1,395,2023-05
2023-05-12,Teclado,Carlos,Oeste,7,559.93,232.44,327.49,396,2023-05
2023-05-13,Laptop,María,Oeste,4,3599.96,1703.27,1896.69,397,2023-05
2023-05-13,Mouse,Carlos,Sur,6,179.94,80.09,99.85,398,2023-05
2023-05-13,Teclado,Luis,Oeste,7,559.93,245.9,314.03,399,2023-05
2023-05-14,Laptop,Ana,Norte,18,16199.82,6936.12,9263.7,400,2023-05
2023-05-14,Mouse,Luis,Oeste,5,149.95,78.65,71.3,401,2023-05
2023-05-14,Teclado,Carlos,Oeste,3,239.97,133.49,106.48,402,2023-05
2023-05-15,Laptop,Pedro,Este,7,6299.93,3248.62,3051.31,403,2023-05
2023-05-15,Mouse,Ana,Norte,14,419.86,180.28,239.58,404,2023-05
2023-05-15,Teclado,Ana,Oeste,7,559.93,314.81,245.12,405,2023-05
2023-05-16,Laptop,María,Oeste,5,4499.95,2372.33,2127.62,406,2023-05
2023-05-16,Mouse,María,Sur,5,149.95,71.62,78.33,407,2023-05
2023-05-16,Teclado,Pedro,Oeste,2,159.98,85.56,74.42,408,2023-05
2023-05-17,Laptop,Ana,Oeste,6,5399.94,2440.67,2959.27,409,2023-05
2023-05-17,Mouse,Pedro,Sur,15,449.85,211.0,238.85,410,2023-05
2023-05-17,Teclado,María,Este,10,799.9,466.74,333.16,411,2023-05
2023-05-18,Laptop,María,Oeste,7,6299.93,2886.0,3413.93,412,2023-05
2023-05-18,Mouse,Ana,Sur,5,149.95,74.07,75.88,413,2023-05
2023-05-18,Teclado,Luis,Norte,1,79.99,46.24,33.75,414,2023-05
2023-05-19,Laptop,Carlos,Este,13,11699.87,6336.0,5363.87,415,2023-05
2023-05-19,Mouse,María,Norte,18,539.82,222.64,317.18,416,2023-05
2023-05-19,Teclado,María,Norte,13,1039.87,446.58,593.29,417,2023-05
2023-05-20,Laptop,Luis,Sur,18,16199.82,6505.33,9694.49,418,2023-05
2023-05-20,Mouse,Luis,Oeste,5,149.95,78.9,71.05,419,2023-05
2023-05-20,Teclado,Pedro,Sur,13,1039.87,509.05,530.82,420,2023-05
2023-05-21,Laptop,Pedro,Sur,4,3599.96,1536.66,2063.3,421,2023-05
2023-05-21,Mouse,Carlos,Sur,17,509.83,301.61,208.22,422,2023-05
2023-05-21,Teclado,Carlos,Sur,3,239.97,121.41,118.56,423,2023-05
2023-05-22,Laptop,Ana,Este,17,15299.83,6860.12,8439.71,424,2023-05
2023-05-22,Mouse,Pedro,Oeste,11,329.89,164.98,164.91,425,2023-05
2023-05-22,Teclado,María,Norte,4,319.96,171.47,148.49,426,2023-05
2023-05-23,Laptop,Pedro,Norte,2,1799.98,747.44,1052.54,427,2023-05
2023-05-23,Mouse,María,Oeste,16,479.84,218.3,261.54,428,2023-05
2023-05-23,Teclado,Luis,Norte,18,1439.82,808.31,631.51,429,2023-05
2023-05-24,Laptop,Pedro,Oeste,8,7199.92,3541.88,3658.04,430,2023-05
2023-05-24,Mouse,Luis,Norte,3,89.97,45.82,44.15,431,2023-05
2023-05-24,Teclado,Carlos,Sur,9,719.91,350.28,369.63,432,2023-05
2023-05-25,Laptop,Carlos,Norte,6,5399.94,2207.39,3192.55,433,2023-05
2023-05-25,Mouse,Ana,Oeste,10,299.9,129.9,170.0,434,2023-05
2023-05-25,Teclado,Pedro,Oeste,10,799.9,391.24,408.66,435,2023-05
2023-05-26,Laptop,Luis,Oeste,13,11699.87,5169.44,6530.43,436,2023-05
2023-05-26,Mouse,María,Oeste,17,509.83,209.03,300.8,437,2023-05
2023-05-26,Teclado,Carlos,Oeste,9,719.91,409.43,310.48,438,2023-05
2023-05-27,Laptop,Carlos,Este,17,15299.83,9122.35,6177.48,439,2023-05
2023-05-27,Mouse,María,Este,9,269.91,150.78,119.13,440,2023-05
2023-05-27,Teclado,Luis,Norte,9,719.91,410.89,309.02,441,2023-05
2023-05-28,Laptop,Luis,Oeste,1,899.99,403.55,496.44,442,2023-05
2023-05-28,Mouse,Pedro,Norte,2,59.98,35.52,24.46,443,2023-05
2023-05-28,Teclado,Pedro,Oeste,16,1279.84,562.34,717.5,444,2023-05
2023-05-29,Laptop,Ana,Oeste,1,899.99,531.25,368.74,445,2023-05
2023-05-29,Mouse,Carlos,Este,10,299.9,179.63,120.27,446,2023-05
2023-05-29,Teclado,Pedro,Este,18,1439.82,780.88,658.94,447,2023-05
2023-05-30,Laptop,Luis,Sur,8,7199.92,4292.8,2907.12,448,2023-05
2023-05-30,Mouse,María,Este,11,329.89,169.53,160.36,449,2023-05
2023-05-30,Teclado,Luis,Sur,2,159.98,72.3,87.68,450,2023-05
2023-05-31,Laptop,Carlos,Sur,8,7199.92,3509.24,3690.68,451,2023-05
2023-05-31,Mouse,Luis,Sur,8,239.92,124.45,115.47,452,2023-05
2023-05-31,Teclado,Ana,Sur,17,1359.83,563.81,796.02,453,2023-05
2023-06-01,Laptop,Carlos,Sur,15,13499.85,7080.25,6419.6,454,2023-06
2023-06-01,Mouse,María,Norte,17,509.83,303.98,205.85,455,2023-06
2023-06-01,Teclado,Ana,Este,13,1039.87,455.49,584.38,456,2023-06
2023-06-02,Laptop,Carlos,Sur,19,17099.81,9550.57,7549.24,457,2023-06
2023-06-02,Mouse,María,Oeste,5,149.95,87.21,62.74,458,2023-06
2023-06-02,Teclado,Ana,Este,12,959.88,565.12,394.76,459,2023-06
2023-06-03,Laptop,Ana,Este,1,899.99,532.82,367.17,460,2023-06
2023-06-03,Mouse,Carlos,Sur,5,149.95,75.62,74.33,461,2023-06
2023-06-03,Teclado,Pedro,Norte,8,639.92,381.05,258.87,462,2023-06
2023-06-04,Laptop,Ana,Sur,13,11699.87,6452.03,5247.84,463,2023-06
2023-06-04,Mouse,Ana,Norte,8,239.92,103.73,136.19,464,2023-06
2023-06-04,Teclado,María,Oeste,11,879.89,435.88,444.01,465,2023-06
2023-06-05,Laptop,Luis,Este,1,899.99,489.29,410.7,466,2023-06
2023-06-05,Mouse,Carlos,Oeste,13,389.87,175.23,214.64,467,2023-06
2023-06-05,Teclado,Carlos,Norte,19,1519.81,802.65,717.16,468,2023-06
2023-06-06,Laptop,Pedro,Norte,3,2699.97,1439.95,1260.02,469,2023-06
2023-06-06,Mouse,Pedro,Oeste,17,509.83,220.52,289.31,470,2023-06
2023-06-06,Teclado,Carlos,Norte,5,399.95,205.18,194.77,471,2023-06
2023-06-07,Laptop,Pedro,Oeste,8,7199.92,3991.1,3208.82,472,2023-06
2023-06-07,Mouse,María,Este,14,419.86,209.84,210.02,473,2023-06
2023-06-07,Teclado,Carlos,Oeste,4,319.96,128.76,191.2,474,2023-06
2023-06-08,Laptop,Pedro,Este,11,9899.89,3977.85,5922.04,475,2023-06
2023-06-08,Mouse,Carlos,Oeste,15,449.85,212.06,237.79,476,2023-06
2023-06-08,Teclado,Luis,Norte,19,1519.81,889.45,630.36,477,2023-06
2023-06-09,Laptop,Ana,Oeste,7,6299.93,2808.1,3491.83,478,2023-06
2023-06-09,Mouse,Carlos,Norte,19,569.81,300.22,269.59,479,2023-06
2023-06-09,Teclado,Ana,Oeste,19,1519.81,675.43,844.38,480,2023-06
2023-06-10,Laptop,Pedro,Oeste,11,9899.89,4596.86,5303.03,481,2023-06
2023-06-10,Mouse,Ana,Sur,5,149.95,85.41,64.54,482,2023-06
2023-06-10,Teclado,Carlos,Norte,5,399.95,218.28,181.67,483,2023-06
2023-06-11,Laptop,Luis,Sur,8,7199.92,3017.34,4182.58,484,2023-06
2023-06-11,Mouse,Pedro,Norte,10,299.9,145.67,154.23,485,2023-06
2023-06-11,Teclado,Carlos,Sur,6,479.94,194.78,285.16,486,2023-06
2023-06-12,Laptop,Pedro,Este,15,13499.85,6698.33,6801.52,487,2023-06
2023-06-12,Mouse,María,Oeste,16,479.84,255.51,224.33,488,2023-06
2023-06-12,Teclado,Ana,Norte,17,1359.83,576.16,783.67,489,2023-06
2023-06-13,Laptop,María,Norte,8,7199.92,3295.96,3903.96,490,2023-06
2023-06-13,Mouse,Carlos,Oeste,8,239.92,115.06,124.86,491,2023-06
2023-06-13,Teclado,Luis,Norte,9,719.91,420.36,299.55,492,2023-06
2023-06-14,Laptop,Pedro,Norte,2,1799.98,1077.56,722.42,493,2023-06
2023-06-14,Mouse,Ana,Sur,15,449.85,183.98,265.87,494,2023-06
2023-06-14,Teclado,Pedro,Norte,18,1439.82,795.07,644.75,495,2023-06
2023-06-15,Laptop,Carlos,Este,3,2699.97,1280.72,1419.25,496,2023-06
2023-06-15,Mouse,Pedro,Este,17,509.83,243.95,265.88,497,2023-06
2023-06-15,Teclado,Ana,Oeste,4,319.96,176.25,143.71,498,2023-06
2023-06-16,Laptop,Carlos,Norte,4,3599.96,2101.24,1498.72,499,2023-06
2023-06-16,Mouse,Pedro,Oeste,14,419.86,247.8,172.06,500,2023-06
2023-06-16,Teclado,Luis,Este,9,719.91,371.06,348.85,501,2023-06
2023-06-17,Laptop,Carlos,Norte,9,8099.91,3818.49,4281.42,502,2023-06
2023-06-17,Mouse,Carlos,Norte,18,539.82,300.95,238.87,503,2023-06
2023-06-17,Teclado,Luis,Oeste,10,799.9,360.12,439.78,504,2023-06
2023-06-18,Laptop,María,Este,4,3599.96,1846.11,1753.85,505,2023-06
2023-06-18,Mouse,Ana,Norte,12,359.88,169.76,190.12,506,2023-06
2023-06-18,Teclado,María,Oeste,8,639.92,340.01,299.91,507,2023-06
2023-06-19,Laptop,Pedro,Este,2,1799.98,806.53,993.45,508,2023-06
2023-06-19,Mouse,Luis,Oeste,13,389.87,170.89,218.98,509,2023-06
2023-06-19,Teclado,María,Sur,16,1279.84,746.98,532.86,510,2023-06
2023-06-20,Laptop,Carlos,Norte,2,1799.98,756.64,1043.34,511,2023-06
2023-06-20,Mouse,Pedro,Sur,11,329.89,165.34,164.55,512,2023-06
2023-06-20,Teclado,Pedro,Este,10,799.9,355.29,444.61,513,2023-06
2023-06-21,Laptop,María,Sur,15,13499.85,5505.05,7994.8,514,2023-06
2023-06-21,Mouse,María,Sur,17,509.83,207.6,302.23,515,2023-06
2023-06-21,Teclado,Luis,Este,8,639.92,278.39,361.53,516,2023-06
2023-06-22,Laptop,Ana,Oeste,18,16199.82,9288.23,6911.59,517,2023-06
2023-06-22,Mouse,María,Sur,9,269.91,123.21,146.7,518,2023-06
2023-06-22,Teclado,María,Oeste,8,639.92,377.61,262.31,519,2023-06
2023-06-23,Laptop,Carlos,Sur,14,12599.86,6505.62,6094.24,520,2023-06
2023-06-23,Mouse,Pedro,Oeste,18,539.82,263.07,276.75,521,2023-06
2023-06-23,Teclado,Ana,Este,12,959.88,495.32,464.56,522,2023-06
2023-06-24,Laptop,Carlos,Sur,19,17099.81,8607.01,8492.8,523,2023-06
2023-06-24,Mouse,Luis,Este,14,419.86,231.66,188.2,524,2023-06
2023-06-24,Teclado,Luis,Sur,17,1359.83,620.76,739.07,525,2023-06
2023-06-25,Laptop,María,Este,3,2699.97,1270.63,1429.34,526,2023-06
2023-06-25,Mouse,María,Este,7,209.93,121.51,88.42,527,2023-06
2023-06-25,Teclado,Luis,Sur,17,1359.83,801.34,558.49,528,2023-06
2023-06-26,Laptop,María,Sur,12,10799.88,6247.86,4552.02,529,2023-06
2023-06-26,Mouse,Ana,Sur,9,269.91,130.61,139.3,530,2023-06
2023-06-26,Teclado,María,Norte,15,1199.85,667.2,532.65,531,2023-06
2023-06-27,Laptop,Pedro,Oeste,18,16199.82,8023.24,8176.58,532,2023-06
2023-06-27,Mouse,María,Norte,13,389.87,194.74,195.13,533,2023-06
2023-06-27,Teclado,Carlos,Norte,8,639.92,282.16,357.76,534,2023-06
2023-06-28,Laptop,Ana,Este,14,12599.86,6529.58,6070.28,535,2023-06
2023-06-28,Mouse,Carlos,Sur,8,239.92,104.9,135.02,536,2023-06
2023-06-28,Teclado,Carlos,Oeste,14,1119.86,522.21,597.65,537,2023-06
2023-06-29,Laptop,Pedro,Este,7,6299.93,3597.3,2702.63,538,2023-06
2023-06-29,Mouse,Ana,Norte,12,359.88,158.86,201.02,539,2023-06
2023-06-29,Teclado,Ana,Sur,11,879.89,364.48,515.41,540,2023-06
2023-06-30,Laptop,Ana,Este,11,9899.89,4096.59,5803.3,541,2023-06
2023-06-30,Mouse,Ana,Sur,13,389.87,229.3,160.57,542,2023-06
2023-06-30,Teclado,Ana,Este,18,1439.82,721.9,717.92,543,2023-06
2023-07-01,Laptop,Pedro,Sur,2,1799.98,867.38,932.6,544,2023-07
2023-07-01,Mouse,María,Norte,15,449.85,252.89,196.96,545,2023-07
2023-07-01,Teclado,Carlos,Oeste,18,1439.82,816.62,623.2,546,2023-07
2023-07-02,Laptop,Ana,Norte,15,13499.85,6296.85,7203.0,547,2023-07
2023-07-02,Mouse,María,Oeste,19,569.81,306.97,262.84,548,2023-07
2023-07-02,Teclado,María,Sur,12,959.88,531.99,427.89,549,2023-07
2023-07-03,Laptop,Carlos,Este,13,11699.87,6211.81,5488.06,550,2023-07
2023-07-03,Mouse,Pedro,Norte,11,329.89,141.96,187.93,551,2023-07
2023-07-03,Teclado,Luis,Oeste,5,399.95,230.04,169.91,552,2023-07
2023-07-04,Laptop,Luis,Norte,1,899.99,457.03,442.96,553,2023-07
2023-07-04,Mouse,María,Oeste,3,89.97,41.07,48.9,554,2023-07
2023-07-04,Teclado,Carlos,Norte,19,1519.81,737.18,782.63,555,2023-07
2023-07-05,Laptop,Luis,Oeste,7,6299.93,2567.31,3732.62,556,2023-07
2023-07-05,Mouse,María,Oeste,12,359.88,153.16,206.72,557,2023-07
2023-07-05,Teclado,Pedro,Sur,15,1199.85,663.65,536.2,558,2023-07
2023-07-06,Laptop,Luis,Oeste,5,4499.95,1799.99,2699.96,559,2023-07
2023-07-06,Mouse,María,Sur,15,449.85,217.42,232.43,560,2023-07
2023-07-06,Teclado,María,Oeste,8,639.92,322.84,317.08,561,2023-07
2023-07-07,Laptop,Ana,Este,10,8999.9,3698.3,5301.6,562,2023-07
2023-07-07,Mouse,Pedro,Este,16,479.84,285.32,194.52,563,2023-07
2023-07-07,Teclado,Ana,Este,8,639.92,284.91,355.01,564,2023-07
2023-07-08,Laptop,Carlos,Oeste,1,899.99,414.75,485.24,565,2023-07
2023-07-08,Mouse,Ana,Sur,12,359.88,165.83,194.05,566,2023-07
2023-07-08,Teclado,Ana,Sur,5,399.95,178.41,221.54,567,2023-07
2023-07-09,Laptop,Luis,Oeste,3,2699.97,1080.78,1619.19,568,2023-07
2023-07-09,Mouse,María,Este,1,29.99,16.37,13.62,569,2023-07
2023-07-09,Teclado,Pedro,Este,4,319.96,189.85,130.11,570,2023-07
2023-07-10,Laptop,Ana,Sur,8,7199.92,3202.95,3996.97,571,2023-07
2023-07-10,Mouse,Pedro,Este,3,89.97,47.92,42.05,572,2023-07
2023-07-10,Teclado,Ana,Norte,10,799.9,438.65,361.25,573,2023-07
2023-07-11,Laptop,Carlos,Sur,2,1799.98,1025.42,774.56,574,2023-07
2023-07-11,Mouse,Ana,Este,11,329.89,159.84,170.05,575,2023-07
2023-07-11,Teclado,Luis,Sur,10,799.9,368.42,431.48,576,2023-07
2023-07-12,Laptop,María,Norte,14,12599.86,5859.68,6740.18,577,2023-07
2023-07-12,Mouse,Carlos,Sur,7,209.93,113.89,96.04,578,2023-07
2023-07-12,Teclado,Ana,Sur,2,159.98,90.13,69.85,579,2023-07
2023-07-13,Laptop,Pedro,Sur,9,8099.91,3534.18,4565.73,580,2023-07
2023-07-13,Mouse,Carlos,Sur,16,479.84,227.53,252.31,581,2023-07
2023-07-13,Teclado,Carlos,Norte,13,1039.87,603.53,436.34,582,2023-07
2023-07-14,Laptop,Ana,Oeste,9,8099.91,4546.79,3553.12,583,2023-07
2023-07-14,Mouse,Carlos,Sur,4,119.96,71.61,48.35,584,2023-07
2023-07-14,Teclado,Pedro,Sur,10,799.9,440.62,359.28,585,2023-07
2023-07-15,Laptop,Carlos,Este,12,10799.88,5169.24,5630.64,586,2023-07
2023-07-15,Mouse,Pedro,Sur,17,509.83,264.16,245.67,587,2023-07
2023-07-15,Teclado,Ana,Este,14,1119.86,595.99,523.87,588,2023-07
2023-07-16,Laptop,María,Oeste,14,12599.86,5237.65,7362.21,589,2023-07
2023-07-16,Mouse,Carlos,Norte,2,59.98,30.52,29.46,590,2023-07
2023-07-16,Teclado,María,Norte,11,879.89,476.78,403.11,591,2023-07
2023-07-17,Laptop,Pedro,Oeste,16,14399.84,6241.82,8158.02,592,2023-07
2023-07-17,Mouse,Carlos,Norte,19,569.81,316.89,252.92,593,2023-07
2023-07-17,Teclado,Luis,Oeste,6,479.94,248.01,231.93,594,2023-07
2023-07-18,Laptop,María,Oeste,19,17099.81,10096.49,7003.32,595,2023-07
2023-07-18,Mouse,Carlos,Oeste,5,149.95,61.25,88.7,596,2023-07
2023-07-18,Teclado,María,Norte,4,319.96,144.96,175.0,597,2023-07
2023-07-19,Laptop,Carlos,Este,15,13499.85,7024.12,6475.73,598,2023-07
2023-07-19,Mouse,Ana,Oeste,4,119.96,55.1,64.86,599,2023-07
2023-07-19,Teclado,María,Sur,10,799.9,434.25,365.65,600,2023-07
2023-07-20,Laptop,Luis,Norte,3,2699.97,1489.85,1210.12,601,2023-07
2023-07-20,Mouse,Luis,Oeste,5,149.95,63.05,86.9,602,2023-07
2023-07-20,Teclado,Pedro,Oeste,6,479.94,241.3,238.64,603,2023-07
2023-07-21,Laptop,Carlos,Sur,8,7199.92,3612.76,3587.16,604,2023-07
2023-07-21,Mouse,María,Este,7,209.93,99.48,110.45,605,2023-07
2023-07-21,Teclado,Pedro,Este,10,799.9,469.21,330.69,606,2023-07
2023-07-22,Laptop,María,Este,6,5399.94,3053.67,2346.27,607,2023-07
2023-07-22,Mouse,Carlos,Oeste,14,419.86,226.49,193.37,608,2023-07
2023-07-22,Teclado,Luis,Oeste,4,319.96,173.7,146.26,609,2023-07
2023-07-23,Laptop,Ana,Oeste,13,11699.87,5760.35,5939.52,610,2023-07
2023-07-23,Mouse,Luis,Norte,17,509.83,297.84,211.99,611,2023-07
2023-07-23,Teclado,Pedro,Sur,7,559.93,301.76,258.17,612,2023-07
2023-07-24,Laptop,Ana,Oeste,4,3599.96,1964.84,1635.12,613,2023-07
2023-07-24,Mouse,Pedro,Sur,14,419.86,240.3,179.56,614,2023-07
2023-07-24,Teclado,Carlos,Sur,3,239.97,109.14,130.83,615,2023-07
2023-07-25,Laptop,Ana,Este,5,4499.95,2526.34,1973.61,616,2023-07
2023-07-25,Mouse,Pedro,Norte,16,479.84,210.67,269.17,617,2023-07
2023-07-25,Teclado,Carlos,Oeste,4,319.96,150.08,169.88,618,2023-07
2023-07-26,Laptop,Luis,Este,2,1799.98,840.81,959.17,619,2023-07
2023-07-26,Mouse,Carlos,Este,18,539.82,321.57,218.25,620,2023-07
2023-07-26,Teclado,María,Oeste,19,1519.81,868.28,651.53,621,2023-07
2023-07-27,Laptop,Carlos,Sur,19,17099.81,9237.9,7861.91,622,2023-07
2023-07-27,Mouse,Carlos,Este,17,509.83,278.07,231.76,623,2023-07
2023-07-27,Teclado,María,Sur,14,1119.86,573.83,546.03,624,2023-07
2023-07-28,Laptop,Pedro,Norte,19,17099.81,10078.94,7020.87,625,2023-07
2023-07-28,Mouse,Pedro,Sur,13,389.87,194.64,195.23,626,2023-07
2023-07-28,Teclado,Carlos,Norte,12,959.88,457.0,502.88,627,2023-07
2023-07-29,Laptop,María,Sur,6,5399.94,2336.05,3063.89,628,2023-07
2023-07-29,Mouse,María,Este,4,119.96,66.85,53.11,629,2023-07
2023-07-29,Teclado,Luis,Este,19,1519.81,831.17,688.64,630,2023-07
2023-07-30,Laptop,Pedro,Norte,16,14399.84,6866.87,7532.97,631,2023-07
2023-07-30,Mouse,Ana,Oeste,13,389.87,157.91,231.96,632,2023-07
2023-07-30,Teclado,Pedro,Norte,4,319.96,181.67,138.29,633,2023-07
2023-07-31,Laptop,Pedro,Norte,17,15299.83,6154.87,9144.96,634,2023-07
2023-07-31,Mouse,Luis,Sur,1,29.99,16.22,13.77,635,2023-07
2023-07-31,Teclado,Ana,Sur,18,1439.82,855.33,584.49,636,2023-07
2023-08-01,Laptop,Luis,Norte,17,15299.83,7459.16,7840.67,637,2023-08
2023-08-01,Mouse,Ana,Este,15,449.85,201.08,248.77,638,2023-08
2023-08-01,Teclado,Carlos,Sur,11,879.89,476.0,403.89,639,2023-08
2023-08-02,Laptop,Ana,Oeste,13,11699.87,6592.01,5107.86,640,2023-08
2023-08-02,Mouse,Luis,Sur,1,29.99,15.27,14.72,641,2023-08
2023-08-02,Teclado,Pedro,Sur,17,1359.83,806.93,552.9,642,2023-08
2023-08-03,Laptop,Ana,Oeste,6,5399.94,2215.78,3184.16,643,2023-08
2023-08-03,Mouse,Ana,Norte,4,119.96,60.1,59.86,644,2023-08
2023-08-03,Teclado,María,Oeste,16,1279.84,695.84,584.0,645,2023-08
2023-08-04,Laptop,Pedro,Norte,15,13499.85,7729.04,5770.81,646,2023-08
2023-08-04,Mouse,Carlos,Norte,15,449.85,196.07,253.78,647,2023-08
2023-08-04,Teclado,Luis,Norte,6,479.94,268.77,211.17,648,2023-08
2023-08-05,Laptop,Carlos,Oeste,15,13499.85,6892.23,6607.62,649,2023-08
2023-08-05,Mouse,Pedro,Norte,14,419.86,201.24,218.62,650,2023-08
2023-08-05,Teclado,Ana,Este,11,879.89,375.13,504.76,651,2023-08
2023-08-06,Laptop,Ana,Oeste,7,6299.93,3610.23,2689.7,652,2023-08
2023-08-06,Mouse,Pedro,Este,9,269.91,116.45,153.46,653,2023-08
2023-08-06,Teclado,Ana,Norte,16,1279.84,591.23,688.61,654,2023-08
2023-08-07,Laptop,Ana,Sur,5,4499.95,2061.02,2438.93,655,2023-08
2023-08-07,Mouse,Ana,Norte,10,299.9,172.23,127.67,656,2023-08
2023-08-07,Teclado,Luis,Este,18,1439.82,769.64,670.18,657,2023-08
2023-08-08,Laptop,Luis,Este,3,2699.97,1510.19,1189.78,658,2023-08
2023-08-08,Mouse,María,Oeste,13,389.87,175.48,214.39,659,2023-08
2023-08-08,Teclado,Carlos,Sur,11,879.89,461.92,417.97,660,2023-08
2023-08-09,Laptop,Pedro,Oeste,17,15299.83,7869.46,7430.37,661,2023-08
2023-08-09,Mouse,Pedro,Este,13,389.87,220.89,168.98,662,2023-08
2023-08-09,Teclado,Pedro,Norte,6,479.94,278.95,200.99,663,2023-08
2023-08-10,Laptop,María,Sur,17,15299.83,6157.13,9142.7,664,2023-08
2023-08-10,Mouse,Luis,Norte,13,389.87,208.5,181.37,665,2023-08
2023-08-10,Teclado,María,Norte,19,1519.81,623.68,896.13,666,2023-08
2023-08-11,Laptop,Pedro,Sur,19,17099.81,8717.0,8382.81,667,2023-08
2023-08-11,Mouse,Carlos,Oeste,10,299.9,137.21,162.69,668,2023-08
2023-08-11,Teclado,Ana,Norte,3,239.97,110.71,129.26,669,2023-08
2023-08-12,Laptop,Luis,Este,14,12599.86,5929.39,6670.47,670,2023-08
2023-08-12,Mouse,Luis,Norte,19,569.81,298.73,271.08,671,2023-08
2023-08-12,Teclado,María,Sur,5,399.95,186.7,213.25,672,2023-08
2023-08-13,Laptop,Luis,Sur,5,4499.95,2459.4,2040.55,673,2023-08
2023-08-13,Mouse,Pedro,Sur,17,509.83,245.18,264.65,674,2023-08
2023-08-13,Teclado,Pedro,Oeste,10,799.9,330.9,469.0,675,2023-08
2023-08-14,Laptop,María,Norte,5,4499.95,2505.36,1994.59,676,2023-08
2023-08-14,Mouse,Pedro,Oeste,4,119.96,54.84,65.12,677,2023-08
2023-08-14,Teclado,Carlos,Oeste,6,479.94,233.52,246.42,678,2023-08
2023-08-15,Laptop,María,Sur,4,3599.96,1933.5,1666.46,679,2023-08
2023-08-15,Mouse,Carlos,Sur,7,209.93,97.93,112.0,680,2023-08
2023-08-15,Teclado,Ana,Oeste,7,559.93,230.31,329.62,681,2023-08
2023-08-16,Laptop,Carlos,Norte,18,16199.82,7691.42,8508.4,682,2023-08
2023-08-16,Mouse,Ana,Este,3,89.97,52.98,36.99,683,2023-08
2023-08-16,Teclado,Ana,Oeste,1,79.99,42.26,37.73,684,2023-08
2023-08-17,Laptop,Carlos,Norte,4,3599.96,1923.44,1676.52,685,2023-08
2023-08-17,Mouse,María,Sur,6,179.94,94.73,85.21,686,2023-08
2023-08-17,Teclado,Pedro,Sur,9,719.91,316.62,403.29,687,2023-08
2023-08-18,Laptop,Pedro,Norte,14,12599.86,6094.13,6505.73,688,2023-08
2023-08-18,Mouse,Ana,Este,12,359.88,198.0,161.88,689,2023-08
2023-08-18,Teclado,Ana,Sur,4,319.96,134.47,185.49,690,2023-08
2023-08-19,Laptop,María,Sur,12,10799.88,4920.11,5879.77,691,2023-08
2023-08-19,Mouse,Luis,Sur,10,299.9,136.53,163.37,692,2023-08
2023-08-19,Teclado,Carlos,Norte,7,559.93,272.35,287.58,693,2023-08
2023-08-20,Laptop,Ana,Oeste,3,2699.97,1609.38,1090.59,694,2023-08
2023-08-20,Mouse,Pedro,Sur,14,419.86,173.61,246.25,695,2023-08
2023-08-20,Teclado,María,Oeste,10,799.9,402.94,396.96,696,2023-08
2023-08-21,Laptop,Carlos,Este,16,14399.84,6276.5,8123.34,697,2023-08
2023-08-21,Mouse,María,Sur,16,479.84,285.09,194.75,698,2023-08
2023-08-21,Teclado,Carlos,Sur,10,799.9,338.09,461.81,699,2023-08
2023-08-22,Laptop,Carlos,Este,13,11699.87,5624.36,6075.51,700,2023-08
2023-08-22,Mouse,Ana,Sur,6,179.94,98.53,81.41,701,2023-08
2023-08-22,Teclado,María,Oeste,12,959.88,519.21,440.67,702,2023-08
2023-08-23,Laptop,María,Norte,9,8099.91,3924.78,4175.13,703,2023-08
2023-08-23,Mouse,Pedro,Oeste,13,389.87,182.97,206.9,704,2023-08
2023-08-23,Teclado,Pedro,Norte,4,319.96,153.43,166.53,705,2023-08
2023-08-24,Laptop,Ana,Norte,11,9899.89,4483.22,5416.67,706,2023-08
2023-08-24,Mouse,Ana,Oeste,18,539.82,238.1,301.72,707,2023-08
2023-08-24,Teclado,Luis,Oeste,11,879.89,436.96,442.93,708,2023-08
2023-08-25,Laptop,Pedro,Oeste,4,3599.96,1633.33,1966.63,709,2023-08
2023-08-25,Mouse,Carlos,Oeste,18,539.82,246.96,292.86,710,2023-08
2023-08-25,Teclado,María,Este,1,79.99,42.5,37.49,711,2023-08
2023-08-26,Laptop,Ana,Sur,7,6299.93,3740.32,2559.61,712,2023-08
2023-08-26,Mouse,María,Norte,6,179.94,93.7,86.24,713,2023-08
2023-08-26,Teclado,María,Oeste,15,1199.85,498.41,701.44,714,2023-08
2023-08-27,Laptop,Luis,Oeste,18,16199.82,6724.82,9475.0,715,2023-08
2023-08-27,Mouse,Pedro,Oeste,11,329.89,194.73,135.16,716,2023-08
2023-08-27,Teclado,Ana,Este,15,1199.85,551.28,648.57,717,2023-08
2023-08-28,Laptop,María,Oeste,16,14399.84,6025.09,8374.75,718,2023-08
2023-08-28,Mouse,Ana,Oeste,7,209.93,109.12,100.81,719,2023-08
2023-08-28,Teclado,Carlos,Oeste,10,799.9,419.73,380.17,720,2023-08
2023-08-29,Laptop,Luis,Sur,12,10799.88,5720.71,5079.17,721,2023-08
2023-08-29,Mouse,Carlos,Este,14,419.86,190.4,229.46,722,2023-08
2023-08-29,Teclado,Ana,Oeste,5,399.95,161.19,238.76,723,2023-08
2023-08-30,Laptop,Ana,Norte,18,16199.82,9606.54,6593.28,724,2023-08
2023-08-30,Mouse,Pedro,Norte,5,149.95,67.5,82.45,725,2023-08
2023-08-30,Teclado,María,Norte,3,239.97,128.43,111.54,726,2023-08
2023-08-31,Laptop,María,Este,5,4499.95,2435.94,2064.01,727,2023-08
2023-08-31,Mouse,Carlos,Este,17,509.83,266.13,243.7,728,2023-08
2023-08-31,Teclado,Luis,Norte,19,1519.81,703.04,816.77,729,2023-08
2023-09-01,Laptop,María,Oeste,19,17099.81,7767.06,9332.75,730,2023-09
2023-09-01,Mouse,Pedro,Este,12,359.88,186.97,172.91,731,2023-09
2023-09-01,Teclado,Carlos,Norte,9,719.91,412.67,307.24,732,2023-09
2023-09-02,Laptop,Carlos,Norte,1,899.99,530.41,369.58,733,2023-09
2023-09-02,Mouse,Pedro,Oeste,18,539.82,227.36,312.46,734,2023-09
2023-09-02,Teclado,Luis,Sur,4,319.96,137.89,182.07,735,2023-09
2023-09-03,Laptop,Pedro,Este,10,8999.9,5300.47,3699.43,736,2023-09
2023-09-03,Mouse,Luis,Oeste,7,209.93,114.9,95.03,737,2023-09
2023-09-03,Teclado,Pedro,Norte,1,79.99,46.12,33.87,738,2023-09
2023-09-04,Laptop,Pedro,Norte,17,15299.83,6739.98,8559.85,739,2023-09
2023-09-04,Mouse,Ana,Oeste,2,59.98,31.04,28.94,740,2023-09
2023-09-04,Teclado,Carlos,Este,11,879.89,475.34,404.55,741,2023-09
2023-09-05,Laptop,Pedro,Sur,9,8099.91,4341.73,3758.18,742,2023-09
2023-09-05,Mouse,Pedro,Sur,7,209.93,101.11,108.82,743,2023-09
2023-09-05,Teclado,María,Norte,17,1359.83,548.12,811.71,744,2023-09
2023-09-06,Laptop,Carlos,Este,17,15299.83,7903.67,7396.16,745,2023-09
2023-09-06,Mouse,María,Sur,2,59.98,27.03,32.95,746,2023-09
2023-09-06,Teclado,Carlos,Este,6,479.94,235.2,244.74,747,2023-09
2023-09-07,Laptop,María,Este,14,12599.86,7453.02,5146.84,748,2023-09
2023-09-07,Mouse,Pedro,Norte,6,179.94,86.34,93.6,749,2023-09
2023-09-07,Teclado,Pedro,Sur,2,159.98,90.86,69.12,750,2023-09
2023-09-08,Laptop,Ana,Oeste,1,899.99,393.93,506.06,751,2023-09
2023-09-08,Mouse,María,Norte,10,299.9,160.29,139.61,752,2023-09
2023-09-08,Teclado,Luis,Sur,5,399.95,238.13,161.82,753,2023-09
2023-09-09,Laptop,Ana,Sur,2,1799.98,756.67,1043.31,754,2023-09
2023-09-09,Mouse,María,Sur,16,479.84,192.73,287.11,755,2023-09
2023-09-09,Teclado,María,Sur,2,159.98,77.86,82.12,756,2023-09
2023-09-10,Laptop,Ana,Sur,10,8999.9,3766.68,5233.22,757,2023-09
2023-09-10,Mouse,Pedro,Este,2,59.98,32.97,27.01,758,2023-09
2023-09-10,Teclado,María,Norte,16,1279.84,746.03,533.81,759,2023-09
2023-09-11,Laptop,Pedro,Este,16,14399.84,7009.9,7389.94,760,2023-09
2023-09-11,Mouse,Ana,Oeste,19,569.81,257.41,312.4,761,2023-09
2023-09-11,Teclado,Pedro,Sur,7,559.93,272.62,287.31,762,2023-09
2023-09-12,Laptop,Carlos,Norte,12,10799.88,5882.58,4917.3,763,2023-09
2023-09-12,Mouse,Luis,Sur,15,449.85,180.75,269.1,764,2023-09
2023-09-12,Teclado,María,Norte,8,639.92,331.41,308.51,765,2023-09
2023-09-13,Laptop,Luis,Este,6,5399.94,2822.32,2577.62,766,2023-09
2023-09-13,Mouse,Pedro,Norte,10,299.9,158.21,141.69,767,2023-09
2023-09-13,Teclado,María,Oeste,3,239.97,107.6,132.37,768,2023-09
2023-09-14,Laptop,Pedro,Oeste,19,17099.81,9281.96,7817.85,769,2023-09
2023-09-14,Mouse,Carlos,Norte,17,509.83,213.25,296.58,770,2023-09
2023-09-14,Teclado,Ana,Norte,7,559.93,246.29,313.64,771,2023-09
2023-09-15,Laptop,María,Norte,4,3599.96,2071.76,1528.2,772,2023-09
2023-09-15,Mouse,Carlos,Norte,14,419.86,229.98,189.88,773,2023-09
2023-09-15,Teclado,Carlos,Oeste,15,1199.85,483.24,716.61,774,2023-09
2023-09-16,Laptop,María,Sur,8,7199.92,3237.63,3962.29,775,2023-09
2023-09-16,Mouse,Pedro,Norte,15,449.85,199.23,250.62,776,2023-09
2023-09-16,Teclado,Carlos,Norte,14,1119.86,508.6,611.26,777,2023-09
2023-09-17,Laptop,Luis,Oeste,9,8099.91,3641.01,4458.9,778,2023-09
2023-09-17,Mouse,Carlos,Oeste,8,239.92,98.97,140.95,779,2023-09
2023-09-17,Teclado,Pedro,Este,17,1359.83,668.75,691.08,780,2023-09
2023-09-18,Laptop,Pedro,Norte,2,1799.98,983.77,816.21,781,2023-09
2023-09-18,Mouse,Luis,Este,3,89.97,46.91,43.06,782,2023-09
2023-09-18,Teclado,Carlos,Oeste,8,639.92,342.08,297.84,783,2023-09
2023-09-19,Laptop,Pedro,Oeste,12,10799.88,4495.23,6304.65,784,2023-09
2023-09-19,Mouse,María,Sur,1,29.99,17.7,12.29,785,2023-09
2023-09-19,Teclado,Ana,Norte,10,799.9,454.1,345.8,786,2023-09
2023-09-20,Laptop,Ana,Este,3,2699.97,1514.73,1185.24,787,2023-09
2023-09-20,Mouse,Ana,Oeste,6,179.94,101.59,78.35,788,2023-09
2023-09-20,Teclado,Carlos,Oeste,7,559.93,328.42,231.51,789,2023-09
2023-09-21,Laptop,Luis,Este,18,16199.82,8243.29,7956.53,790,2023-09
2023-09-21,Mouse,Pedro,Sur,11,329.89,145.17,184.72,791,2023-09
2023-09-21,Teclado,María,Oeste,19,1519.81,795.4,724.41,792,2023-09
2023-09-22,Laptop,María,Norte,5,4499.95,2468.57,2031.38,793,2023-09
2023-09-22,Mouse,Carlos,Oeste,19,569.81,312.02,257.79,794,2023-09
2023-09-22,Teclado,Ana,Norte,11,879.89,443.72,436.17,795,2023-09
2023-09-23,Laptop,Carlos,Este,12,10799.88,4467.82,6332.06,796,2023-09
2023-09-23,Mouse,Luis,Norte,10,299.9,142.22,157.68,797,2023-09
2023-09-23,Teclado,Luis,Este,8,639.92,373.81,266.11,798,2023-09
2023-09-24,Laptop,Pedro,Norte,9,8099.91,4186.76,3913.15,799,2023-09
2023-09-24,Mouse,Pedro,Este,4,119.96,60.9,59.06,800,2023-09
2023-09-24,Teclado,Luis,Norte,5,399.95,181.49,218.46,801,2023-09
2023-09-25,Laptop,Luis,Sur,8,7199.92,3410.53,3789.39,802,2023-09
2023-09-25,Mouse,Luis,Norte,9,269.91,156.3,113.61,803,2023-09
2023-09-25,Teclado,Carlos,Norte,15,1199.85,639.87,559.98,804,2023-09
2023-09-26,Laptop,Luis,Sur,15,13499.85,7525.86,5973.99,805,2023-09
2023-09-26,Mouse,María,Oeste,16,479.84,235.54,244.3,806,2023-09
2023-09-26,Teclado,Ana,Oeste,14,1119.86,589.1,530.76,807,2023-09
2023-09-27,Laptop,Luis,Norte,8,7199.92,3237.64,3962.28,808,2023-09
2023-09-27,Mouse,Ana,Sur,18,539.82,292.09,247.73,809,2023-09
2023-09-27,Teclado,Carlos,Norte,10,799.9,388.37,411.53,810,2023-09
2023-09-28,Laptop,Ana,Este,6,5399.94,2637.92,2762.02,811,2023-09
2023-09-28,Mouse,Carlos,Este,12,359.88,190.69,169.19,812,2023-09
2023-09-28,Teclado,María,Norte,2,159.98,93.95,66.03,813,2023-09
2023-09-29,Laptop,Carlos,Oeste,7,6299.93,2600.62,3699.31,814,2023-09
2023-09-29,Mouse,Carlos,Oeste,16,479.84,271.08,208.76,815,2023-09
2023-09-29,Teclado,Pedro,Norte,3,239.97,110.02,129.95,816,2023-09
2023-09-30,Laptop,Luis,Norte,13,11699.87,5718.71,5981.16,817,2023-09
2023-09-30,Mouse,Luis,Este,3,89.97,36.38,53.59,818,2023-09
2023-09-30,Teclado,María,Oeste,18,1439.82,662.62,777.2,819,2023-09
2023-10-01,Laptop,María,Norte,11,9899.89,4955.15,4944.74,820,2023-10
2023-10-01,Mouse,Luis,Este,8,239.92,98.66,141.26,821,2023-10
2023-10-01,Teclado,Pedro,Oeste,6,479.94,239.12,240.82,822,2023-10
2023-10-02,Laptop,Luis,Sur,1,899.99,526.87,373.12,823,2023-10
2023-10-02,Mouse,Pedro,Este,1,29.99,12.63,17.36,824,2023-10
2023-10-02,Teclado,María,Oeste,8,639.92,353.8,286.12,825,2023-10
2023-10-03,Laptop,Ana,Oeste,5,4499.95,2168.68,2331.27,826,2023-10
2023-10-03,Mouse,María,Este,16,479.84,254.81,225.03,827,2023-10
2023-10-03,Teclado,María,Sur,11,879.89,397.75,482.14,828,2023-10
2023-10-04,Laptop,Carlos,Este,5,4499.95,1943.52,2556.43,829,2023-10
2023-10-04,Mouse,Carlos,Oeste,4,119.96,51.83,68.13,830,2023-10
2023-10-04,Teclado,Carlos,Norte,6,479.94,198.74,281.2,831,2023-10
2023-10-05,Laptop,Carlos,Norte,14,12599.86,5507.77,7092.09,832,2023-10
2023-10-05,Mouse,Pedro,Este,19,569.81,303.62,266.19,833,2023-10
2023-10-05,Teclado,Luis,Oeste,9,719.91,414.91,305.0,834,2023-10
2023-10-06,Laptop,Ana,Norte,12,10799.88,6078.44,4721.44,835,2023-10
2023-10-06,Mouse,María,Oeste,11,329.89,177.16,152.73,836,2023-10
2023-10-06,Teclado,Pedro,Este,14,1119.86,472.68,647.18,837,2023-10
2023-10-07,Laptop,Ana,Norte,16,14399.84,6592.79,7807.05,838,2023-10
2023-10-07,Mouse,Pedro,Oeste,1,29.99,13.85,16.14,839,2023-10
2023-10-07,Teclado,Pedro,Norte,13,1039.87,467.93,571.94,840,2023-10
2023-10-08,Laptop,María,Este,13,11699.87,5885.05,5814.82,841,2023-10
2023-10-08,Mouse,Luis,Oeste,2,59.98,30.42,29.56,842,2023-10
2023-10-08,Teclado,Carlos,Norte,4,319.96,150.82,169.14,843,2023-10
2023-10-09,Laptop,Luis,Este,6,5399.94,2542.06,2857.88,844,2023-10
2023-10-09,Mouse,María,Norte,5,149.95,84.83,65.12,845,2023-10
2023-10-09,Teclado,María,Norte,3,239.97,133.87,106.1,846,2023-10
2023-10-10,Laptop,María,Sur,1,899.99,415.4,484.59,847,2023-10
2023-10-10,Mouse,Ana,Sur,4,119.96,69.91,50.05,848,2023-10
2023-10-10,Teclado,Luis,Este,2,159.98,94.48,65.5,849,2023-10
2023-10-11,Laptop,Luis,Sur,5,4499.95,2094.05,2405.9,850,2023-10
2023-10-11,Mouse,Pedro,Este,3,89.97,42.37,47.6,851,2023-10
2023-10-11,Teclado,Pedro,Sur,9,719.91,360.77,359.14,852,2023-10
2023-10-12,Laptop,Pedro,Norte,6,5399.94,3176.38,2223.56,853,2023-10
2023-10-12,Mouse,María,Este,18,539.82,310.54,229.28,854,2023-10
2023-10-12,Teclado,Luis,Este,6,479.94,201.82,278.12,855,2023-10
2023-10-13,Laptop,María,Norte,19,17099.81,8183.05,8916.76,856,2023-10
2023-10-13,Mouse,Ana,Este,12,359.88,183.78,176.1,857,2023-10
2023-10-13,Teclado,Pedro,Este,11,879.89,440.5,439.39,858,2023-10
2023-10-14,Laptop,María,Sur,2,1799.98,789.78,1010.2,859,2023-10
2023-10-14,Mouse,María,Este,15,449.85,257.21,192.64,860,2023-10
2023-10-14,Teclado,Ana,Oeste,12,959.88,513.91,445.97,861,2023-10
2023-10-15,Laptop,Carlos,Norte,12,10799.88,6129.81,4670.07,862,2023-10
2023-10-15,Mouse,Luis,Sur,9,269.91,154.32,115.59,863,2023-10
2023-10-15,Teclado,Carlos,Sur,2,159.98,87.94,72.04,864,2023-10
2023-10-16,Laptop,Pedro,Oeste,3,2699.97,1317.16,1382.81,865,2023-10
2023-10-16,Mouse,María,Norte,12,359.88,187.9,171.98,866,2023-10
2023-10-16,Teclado,Ana,Norte,16,1279.84,552.98,726.86,867,2023-10
2023-10-17,Laptop,Ana,Sur,1,899.99,481.25,418.74,868,2023-10
2023-10-17,Mouse,Luis,Este,3,89.97,39.21,50.76,869,2023-10
2023-10-17,Teclado,Carlos,Sur,2,159.98,86.2,73.78,870,2023-10
2023-10-18,Laptop,Luis,Norte,9,8099.91,3611.91,4488.0,871,2023-10
2023-10-18,Mouse,María,Oeste,19,569.81,241.32,328.49,872,2023-10
2023-10-18,Teclado,Luis,Sur,15,1199.85,519.6,680.25,873,2023-10
2023-10-19,Laptop,Ana,Norte,18,16199.82,6486.38,9713.44,874,2023-10
2023-10-19,Mouse,Ana,Sur,11,329.89,179.38,150.51,875,2023-10
2023-10-19,Teclado,Pedro,Este,16,1279.84,699.41,580.43,876,2023-10
2023-10-20,Laptop,Pedro,Sur,17,15299.83,7695.61,7604.22,877,2023-10
2023-10-20,Mouse,María,Sur,5,149.95,64.82,85.13,878,2023-10
2023-10-20,Teclado,Carlos,Norte,12,959.88,399.99,559.89,879,2023-10
2023-10-21,Laptop,Luis,Norte,11,9899.89,3997.83,5902.06,880,2023-10
2023-10-21,Mouse,María,Norte,15,449.85,194.85,255.0,881,2023-10
2023-10-21,Teclado,Pedro,Sur,3,239.97,138.74,101.23,882,2023-10
2023-10-22,Laptop,Luis,Este,1,899.99,403.47,496.52,883,2023-10
2023-10-22,Mouse,Pedro,Oeste,16,479.84,225.93,253.91,884,2023-10
2023-10-22,Teclado,Luis,Oeste,2,159.98,67.36,92.62,885,2023-10
2023-10-23,Laptop,Carlos,Norte,2,1799.98,800.04,999.94,886,2023-10
2023-10-23,Mouse,María,Norte,3,89.97,45.33,44.64,887,2023-10
2023-10-23,Teclado,Luis,Sur,8,639.92,333.75,306.17,888,2023-10
2023-10-24,Laptop,Ana,Oeste,15,13499.85,6062.38,7437.47,889,2023-10
2023-10-24,Mouse,Ana,Norte,7,209.93,86.4,123.53,890,2023-10
2023-10-24,Teclado,Luis,Este,6,479.94,229.51,250.43,891,2023-10
2023-10-25,Laptop,Luis,Este,9,8099.91,3619.37,4480.54,892,2023-10
2023-10-25,Mouse,Luis,Norte,1,29.99,13.31,16.68,893,2023-10
2023-10-25,Teclado,Ana,Norte,8,639.92,378.82,261.1,894,2023-10
2023-10-26,Laptop,Ana,Oeste,3,2699.97,1412.79,1287.18,895,2023-10
2023-10-26,Mouse,Luis,Oeste,4,119.96,61.34,58.62,896,2023-10
2023-10-26,Teclado,Pedro,Sur,15,1199.85,579.71,620.14,897,2023-10
2023-10-27,Laptop,Pedro,Oeste,6,5399.94,2623.23,2776.71,898,2023-10
2023-10-27,Mouse,Carlos,Este,15,449.85,228.61,221.24,899,2023-10
2023-10-27,Teclado,María,Este,3,239.97,129.41,110.56,900,2023-10
2023-10-28,Laptop,Pedro,Norte,14,12599.86,6809.33,5790.53,901,2023-10
2023-10-28,Mouse,Ana,Oeste,14,419.86,182.36,237.5,902,2023-10
2023-10-28,Teclado,Pedro,Sur,4,319.96,159.99,159.97,903,2023-10
2023-10-29,Laptop,Carlos,Este,12,10799.88,5209.77,5590.11,904,2023-10
2023-10-29,Mouse,Carlos,Este,17,509.83,292.7,217.13,905,2023-10
2023-10-29,Teclado,María,Sur,7,559.93,294.68,265.25,906,2023-10
2023-10-30,Laptop,Pedro,Sur,9,8099.91,4102.61,3997.3,907,2023-10
2023-10-30,Mouse,Ana,Este,3,89.97,38.06,51.91,908,2023-10
2023-10-30,Teclado,Ana,Este,13,1039.87,541.9,497.97,909,2023-10
2023-10-31,Laptop,Luis,Sur,15,13499.85,5716.39,7783.46,910,2023-10
2023-10-31,Mouse,Ana,Este,18,539.82,252.33,287.49,911,2023-10
2023-10-31,Teclado,María,Norte,19,1519.81,651.34,868.47,912,2023-10
2023-11-01,Laptop,María,Norte,1,899.99,484.57,415.42,913,2023-11
2023-11-01,Mouse,Ana,Sur,6,179.94,79.4,100.54,914,2023-11
2023-11-01,Teclado,Ana,Oeste,2,159.98,76.53,83.45,915,2023-11
2023-11-02,Laptop,Luis,Sur,14,12599.86,7297.02,5302.84,916,2023-11
2023-11-02,Mouse,Ana,Sur,6,179.94,79.33,100.61,917,2023-11
2023-11-02,Teclado,Luis,Oeste,14,1119.86,561.68,558.18,918,2023-11
2023-11-03,Laptop,Luis,Oeste,4,3599.96,1741.86,1858.1,919,2023-11
2023-11-03,Mouse,Ana,Oeste,8,239.92,96.84,143.08,920,2023-11
2023-11-03,Teclado,Carlos,Norte,3,239.97,134.04,105.93,921,2023-11
2023-11-04,Laptop,Carlos,Este,19,17099.81,7076.06,10023.75,922,2023-11
2023-11-04,Mouse,Luis,Norte,14,419.86,207.77,212.09,923,2023-11
2023-11-04,Teclado,Ana,Este,17,1359.83,696.42,663.41,924,2023-11
2023-11-05,Laptop,Carlos,Norte,8,7199.92,3784.89,3415.03,925,2023-11
2023-11-05,Mouse,Ana,Este,14,419.86,225.77,194.09,926,2023-11
2023-11-05,Teclado,Ana,Norte,6,479.94,216.29,263.65,927,2023-11
2023-11-06,Laptop,Ana,Oeste,16,14399.84,5788.67,8611.17,928,2023-11
2023-11-06,Mouse,Pedro,Sur,19,569.81,310.37,259.44,929,2023-11
2023-11-06,Teclado,Ana,Norte,14,1119.86,567.92,551.94,930,2023-11
2023-11-07,Laptop,Pedro,Este,19,17099.81,9699.41,7400.4,931,2023-11
2023-11-07,Mouse,Luis,Oeste,3,89.97,50.77,39.2,932,2023-11
2023-11-07,Teclado,Carlos,Norte,10,799.9,454.88,345.02,933,2023-11
2023-11-08,Laptop,Carlos,Norte,19,17099.81,8498.93,8600.88,934,2023-11
2023-11-08,Mouse,Carlos,Oeste,9,269.91,125.97,143.94,935,2023-11
2023-11-08,Teclado,Carlos,Norte,13,1039.87,580.57,459.3,936,2023-11
2023-11-09,Laptop,Carlos,Sur,7,6299.93,3088.6,3211.33,937,2023-11
2023-11-09,Mouse,Carlos,Norte,14,419.86,183.35,236.51,938,2023-11
2023-11-09,Teclado,Carlos,Sur,9,719.91,411.06,308.85,939,2023-11
2023-11-10,Laptop,Luis,Sur,19,17099.81,9858.25,7241.56,940,2023-11
2023-11-10,Mouse,Ana,Oeste,15,449.85,221.89,227.96,941,2023-11
2023-11-10,Teclado,María,Norte,14,1119.86,464.9,654.96,942,2023-11
2023-11-11,Laptop,Pedro,Oeste,6,5399.94,2578.82,2821.12,943,2023-11
2023-11-11,Mouse,María,Norte,4,119.96,67.26,52.7,944,2023-11
2023-11-11,Teclado,María,Norte,8,639.92,371.38,268.54,945,2023-11
2023-11-12,Laptop,Ana,Este,17,15299.83,6742.55,8557.28,946,2023-11
2023-11-12,Mouse,Ana,Norte,9,269.91,111.58,158.33,947,2023-11
2023-11-12,Teclado,Ana,Oeste,1,79.99,46.03,33.96,948,2023-11
2023-11-13,Laptop,Carlos,Sur,14,12599.86,6021.23,6578.63,949,2023-11
2023-11-13,Mouse,Luis,Norte,11,329.89,167.7,162.19,950,2023-11
2023-11-13,Teclado,Carlos,Este,3,239.97,142.45,97.52,951,2023-11
2023-11-14,Laptop,Luis,Oeste,9,8099.91,3347.8,4752.11,952,2023-11
2023-11-14,Mouse,Luis,Norte,14,419.86,222.38,197.48,953,2023-11
2023-11-14,Teclado,María,Oeste,9,719.91,298.63,421.28,954,2023-11
2023-11-15,Laptop,María,Este,4,3599.96,1710.32,1889.64,955,2023-11
2023-11-15,Mouse,Luis,Este,4,119.96,67.27,52.69,956,2023-11
2023-11-15,Teclado,Luis,Oeste,8,639.92,311.45,328.47,957,2023-11
2023-11-16,Laptop,Carlos,Norte,2,1799.98,1078.97,721.01,958,2023-11
2023-11-16,Mouse,Carlos,Sur,9,269.91,138.14,131.77,959,2023-11
2023-11-16,Teclado,María,Este,14,1119.86,519.88,599.98,960,2023-11
2023-11-17,Laptop,Ana,Norte,9,8099.91,3596.54,4503.37,961,2023-11
2023-11-17,Mouse,Luis,Norte,16,479.84,225.57,254.27,962,2023-11
2023-11-17,Teclado,Carlos,Sur,17,1359.83,645.25,714.58,963,2023-11
2023-11-18,Laptop,María,Este,16,14399.84,5957.83,8442.01,964,2023-11
2023-11-18,Mouse,Carlos,Este,12,359.88,170.55,189.33,965,2023-11
2023-11-18,Teclado,Luis,Norte,3,239.97,118.27,121.7,966,2023-11
2023-11-19,Laptop,Luis,Norte,11,9899.89,5390.96,4508.93,967,2023-11
2023-11-19,Mouse,Pedro,Sur,14,419.86,223.09,196.77,968,2023-11
2023-11-19,Teclado,Ana,Sur,18,1439.82,780.03,659.79,969,2023-11
2023-11-20,Laptop,Pedro,Este,5,4499.95,1807.51,2692.44,970,2023-11
2023-11-20,Mouse,María,Oeste,16,479.84,212.83,267.01,971,2023-11
2023-11-20,Teclado,Carlos,Este,5,399.95,212.91,187.04,972,2023-11
2023-11-21,Laptop,María,Norte,3,2699.97,1341.34,1358.63,973,2023-11
2023-11-21,Mouse,Luis,Este,12,359.88,144.33,215.55,974,2023-11
2023-11-21,Teclado,Pedro,Oeste,1,79.99,44.87,35.12,975,2023-11
2023-11-22,Laptop,Pedro,Sur,9,8099.91,4491.9,3608.01,976,2023-11
2023-11-22,Mouse,Pedro,Oeste,9,269.91,137.57,132.34,977,2023-11
2023-11-22,Teclado,María,Oeste,4,319.96,132.24,187.72,978,2023-11
2023-11-23,Laptop,Luis,Oeste,3,2699.97,1493.9,1206.07,979,2023-11
2023-11-23,Mouse,Carlos,Sur,17,509.83,263.45,246.38,980,2023-11
2023-11-23,Teclado,Carlos,Oeste,2,159.98,89.01,70.97,981,2023-11
2023-11-24,Laptop,María,Oeste,1,899.99,495.31,404.68,982,2023-11
2023-11-24,Mouse,Pedro,Oeste,8,239.92,134.5,105.42,983,2023-11
2023-11-24,Teclado,Ana,Norte,13,1039.87,523.68,516.19,984,2023-11
2023-11-25,Laptop,María,Oeste,15,13499.85,5778.81,7721.04,985,2023-11
2023-11-25,Mouse,María,Sur,8,239.92,128.17,111.75,986,2023-11
2023-11-25,Teclado,Luis,Oeste,12,959.88,503.07,456.81,987,2023-11
2023-11-26,Laptop,Carlos,Oeste,12,10799.88,5923.2,4876.68,988,2023-11
2023-11-26,Mouse,María,Sur,14,419.86,182.21,237.65,989,2023-11
2023-11-26,Teclado,María,Oeste,15,1199.85,526.73,673.12,990,2023-11
2023-11-27,Laptop,Pedro,Sur,15,13499.85,7804.02,5695.83,991,2023-11
2023-11-27,Mouse,Pedro,Oeste,9,269.91,148.45,121.46,992,2023-11
2023-11-27,Teclado,Ana,Sur,19,1519.81,883.99,635.82,993,2023-11
2023-11-28,Laptop,Luis,Oeste,8,7199.92,3972.51,3227.41,994,2023-11
2023-11-28,Mouse,Ana,Oeste,19,569.81,295.98,273.83,995,2023-11
2023-11-28,Teclado,Pedro,Norte,6,479.94,254.76,225.18,996,2023-11
2023-11-29,Laptop,Carlos,Norte,19,17099.81,9880.71,7219.1,997,2023-11
2023-11-29,Mouse,Pedro,Oeste,4,119.96,61.87,58.09,998,2023-11
2023-11-29,Teclado,Luis,Oeste,7,559.93,294.79,265.14,999,2023-11
2023-11-30,Laptop,Pedro,Este,4,3599.96,1552.65,2047.31,1000,2023-11
2023-11-30,Mouse,Luis,Sur,12,359.88,178.06,181.82,1001,2023-11
2023-11-30,Teclado,Luis,Este,13,1039.87,564.94,474.93,1002,2023-11
2023-12-01,Laptop,Luis,Norte,3,2699.97,1226.3,1473.67,1003,2023-12
2023-12-01,Mouse,Luis,Norte,12,359.88,158.51,201.37,1004,2023-12
2023-12-01,Teclado,Luis,Norte,2,159.98,74.03,85.95,1005,2023-12
2023-12-02,Laptop,Carlos,Norte,2,1799.98,806.93,993.05,1006,2023-12
2023-12-02,Mouse,Ana,Oeste,9,269.91,119.57,150.34,1007,2023-12
2023-12-02,Teclado,María,Norte,1,79.99,38.79,41.2,1008,2023-12
2023-12-03,Laptop,Ana,Oeste,8,7199.92,4187.24,3012.68,1009,2023-12
2023-12-03,Mouse,Luis,Oeste,6,179.94,90.22,89.72,1010,2023-12
2023-12-03,Teclado,Carlos,Norte,6,479.94,210.01,269.93,1011,2023-12
2023-12-04,Laptop,Pedro,Norte,18,16199.82,6729.31,9470.51,1012,2023-12
2023-12-04,Mouse,Carlos,Sur,17,509.83,274.92,234.91,1013,2023-12
2023-12-04,Teclado,Luis,Este,12,959.88,457.44,502.44,1014,2023-12
2023-12-05,Laptop,Carlos,Norte,6,5399.94,3047.54,2352.4,1015,2023-12
2023-12-05,Mouse,Carlos,Sur,8,239.92,127.61,112.31,1016,2023-12
2023-12-05,Teclado,Luis,Sur,19,1519.81,849.95,669.86,1017,2023-12
2023-12-06,Laptop,Carlos,Este,10,8999.9,4089.46,4910.44,1018,2023-12
2023-12-06,Mouse,María,Oeste,1,29.99,16.15,13.84,1019,2023-12
2023-12-06,Teclado,María,Norte,13,1039.87,470.87,569.0,1020,2023-12
2023-12-07,Laptop,Carlos,Este,17,15299.83,8993.45,6306.38,1021,2023-12
2023-12-07,Mouse,Pedro,Norte,3,89.97,47.44,42.53,1022,2023-12
2023-12-07,Teclado,Luis,Sur,8,639.92,297.5,342.42,1023,2023-12
2023-12-08,Laptop,María,Sur,14,12599.86,5719.11,6880.75,1024,2023-12
2023-12-08,Mouse,Pedro,Oeste,3,89.97,39.42,50.55,1025,2023-12
2023-12-08,Teclado,Carlos,Sur,16,1279.84,689.74,590.1,1026,2023-12
2023-12-09,Laptop,Pedro,Sur,13,11699.87,5191.74,6508.13,1027,2023-12
2023-12-09,Mouse,Ana,Este,17,509.83,264.63,245.2,1028,2023-12
2023-12-09,Teclado,María,Norte,13,1039.87,470.99,568.88,1029,2023-12
2023-12-10,Laptop,Carlos,Norte,6,5399.94,2874.89,2525.05,1030,2023-12
2023-12-10,Mouse,Luis,Este,17,509.83,287.03,222.8,1031,2023-12
2023-12-10,Teclado,Carlos,Oeste,14,1119.86,622.2,497.66,1032,2023-12
2023-12-11,Laptop,Luis,Norte,17,15299.83,8448.11,6851.72,1033,2023-12
2023-12-11,Mouse,Carlos,Sur,8,239.92,104.98,134.94,1034,2023-12
2023-12-11,Teclado,Pedro,Norte,11,879.89,367.51,512.38,1035,2023-12
2023-12-12,Laptop,Pedro,Sur,1,899.99,485.81,414.18,1036,2023-12
2023-12-12,Mouse,Pedro,Oeste,7,209.93,99.44,110.49,1037,2023-12
2023-12-12,Teclado,Ana,Este,17,1359.83,661.52,698.31,1038,2023-12
2023-12-13,Laptop,Luis,Norte,10,8999.9,3656.03,5343.87,1039,2023-12
2023-12-13,Mouse,Pedro,Este,11,329.89,149.08,180.81,1040,2023-12
2023-12-13,Teclado,Ana,Norte,9,719.91,292.81,427.1,1041,2023-12
2023-12-14,Laptop,Luis,Sur,9,8099.91,4664.23,3435.68,1042,2023-12
2023-12-14,Mouse,Carlos,Este,5,149.95,67.28,82.67,1043,2023-12
2023-12-14,Teclado,Ana,Norte,17,1359.83,695.51,664.32,1044,2023-12
2023-12-15,Laptop,María,Sur,9,8099.91,3303.11,4796.8,1045,2023-12
2023-12-15,Mouse,Ana,Este,17,509.83,271.93,237.9,1046,2023-12
2023-12-15,Teclado,Ana,Este,19,1519.81,706.11,813.7,1047,2023-12
2023-12-16,Laptop,Luis,Norte,7,6299.93,3651.34,2648.59,1048,2023-12
2023-12-16,Mouse,Carlos,Norte,9,269.91,155.91,114.0,1049,2023-12
2023-12-16,Teclado,María,Norte,7,559.93,260.4,299.53,1050,2023-12
2023-12-17,Laptop,Pedro,Sur,13,11699.87,6788.17,4911.7,1051,2023-12
2023-12-17,Mouse,Pedro,Norte,11,329.89,197.68,132.21,1052,2023-12
2023-12-17,Teclado,Ana,Este,14,1119.86,632.81,487.05,1053,2023-12
2023-12-18,Laptop,Luis,Este,19,17099.81,9729.35,7370.46,1054,2023-12
2023-12-18,Mouse,Luis,Norte,11,329.89,148.39,181.5,1055,2023-12
2023-12-18,Teclado,Pedro,Norte,13,1039.87,535.89,503.98,1056,2023-12
2023-12-19,Laptop,María,Oeste,14,12599.86,5209.43,7390.43,1057,2023-12
2023-12-19,Mouse,Carlos,Este,13,389.87,163.35,226.52,1058,2023-12
2023-12-19,Teclado,María,Sur,1,79.99,47.98,32.01,1059,2023-12
2023-12-20,Laptop,Carlos,Oeste,8,7199.92,3350.32,3849.6,1060,2023-12
2023-12-20,Mouse,Pedro,Norte,12,359.88,197.8,162.08,1061,2023-12
2023-12-20,Teclado,Carlos,Norte,19,1519.81,853.12,666.69,1062,2023-12
2023-12-21,Laptop,Luis,Este,12,10799.88,6173.26,4626.62,1063,2023-12
2023-12-21,Mouse,Ana,Norte,8,239.92,143.84,96.08,1064,2023-12
2023-12-21,Teclado,Ana,Sur,8,639.92,286.88,353.04,1065,2023-12
2023-12-22,Laptop,Pedro,Este,13,11699.87,4774.37,6925.5,1066,2023-12
2023-12-22,Mouse,Luis,Norte,12,359.88,173.55,186.33,1067,2023-12
2023-12-22,Teclado,María,Este,16,1279.84,545.23,734.61,1068,2023-12
2023-12-23,Laptop,Luis,Norte,1,899.99,364.03,535.96,1069,2023-12
2023-12-23,Mouse,Ana,Norte,13,389.87,184.05,205.82,1070,2023-12
2023-12-23,Teclado,Ana,Norte,7,559.93,311.74,248.19,1071,2023-12
2023-12-24,Laptop,Luis,Sur,5,4499.95,2309.54,2190.41,1072,2023-12
2023-12-24,Mouse,Luis,Sur,8,239.92,110.98,128.94,1073,2023-12
2023-12-24,Teclado,Ana,Este,14,1119.86,594.5,525.36,1074,2023-12
2023-12-25,Laptop,María,Norte,13,11699.87,5222.86,6477.01,1075,2023-12
2023-12-25,Mouse,Pedro,Norte,15,449.85,181.23,268.62,1076,2023-12
2023-12-25,Teclado,Pedro,Sur,17,1359.83,751.81,608.02,1077,2023-12
2023-12-26,Laptop,Luis,Norte,15,13499.85,7084.03,6415.82,1078,2023-12
2023-12-26,Mouse,Pedro,Sur,18,539.82,298.23,241.59,1079,2023-12
2023-12-26,Teclado,Ana,Norte,18,1439.82,587.14,852.68,1080,2023-12
2023-12-27,Laptop,Ana,Este,2,1799.98,1021.35,778.63,1081,2023-12
2023-12-27,Mouse,Luis,Norte,4,119.96,62.85,57.11,1082,2023-12
2023-12-27,Teclado,Luis,Norte,1,79.99,41.01,38.98,1083,2023-12
2023-12-28,Laptop,Luis,Oeste,4,3599.96,1889.7,1710.26,1084,2023-12
2023-12-28,Mouse,María,Sur,18,539.82,309.26,230.56,1085,2023-12
2023-12-28,Teclado,Pedro,Norte,5,399.95,206.93,193.02,1086,2023-12
2023-12-29,Laptop,Luis,Norte,19,17099.81,8826.75,8273.06,1087,2023-12
2023-12-29,Mouse,Carlos,Oeste,15,449.85,269.07,180.78,1088,2023-12
2023-12-29,Teclado,Carlos,Oeste,8,639.92,352.82,287.1,1089,2023-12
2023-12-30,Laptop,Ana,Sur,17,15299.83,7473.34,7826.49,1090,2023-12
2023-12-30,Mouse,Pedro,Oeste,1,29.99,16.24,13.75,1091,2023-12
2023-12-30,Teclado,Luis,Este,12,959.88,458.67,501.21,1092,2023-12
2023-12-31,Laptop,Carlos,Oeste,19,17099.81,7622.67,9477.14,1093,2023-12
2023-12-31,Mouse,Pedro,Este,15,449.85,233.64,216.21,1094,2023-12
2023-12-31,Teclado,Ana,Sur,9,719.91,421.61,298.3,1095,2023-12
