Fecha,Año,Mes,Nombre_Mes,Trimestre,Dia_Semana,Nombre_Dia,Semana_Año,Es_Fin_Semana
2023-01-01,2023,1,January,Q1,7,Sunday,52,1
2023-01-02,2023,1,January,Q1,1,Monday,1,0
2023-01-03,2023,1,January,Q1,2,Tuesday,1,0
2023-01-04,2023,1,January,Q1,3,Wednesday,1,0
2023-01-05,2023,1,January,Q1,4,Thursday,1,0
2023-01-06,2023,1,January,Q1,5,Friday,1,0
2023-01-07,2023,1,January,Q1,6,Saturday,1,1
2023-01-08,2023,1,January,Q1,7,Sunday,1,1
2023-01-09,2023,1,January,Q1,1,Monday,2,0
2023-01-10,2023,1,January,Q1,2,Tuesday,2,0
2023-01-11,2023,1,January,Q1,3,Wednesday,2,0
2023-01-12,2023,1,January,Q1,4,Thursday,2,0
2023-01-13,2023,1,January,Q1,5,Friday,2,0
2023-01-14,2023,1,January,Q1,6,Saturday,2,1
2023-01-15,2023,1,January,Q1,7,Sunday,2,1
2023-01-16,2023,1,January,Q1,1,Monday,3,0
2023-01-17,2023,1,January,Q1,2,Tuesday,3,0
2023-01-18,2023,1,January,Q1,3,Wednesday,3,0
2023-01-19,2023,1,January,Q1,4,Thursday,3,0
2023-01-20,2023,1,January,Q1,5,Friday,3,0
2023-01-21,2023,1,January,Q1,6,Saturday,3,1
2023-01-22,2023,1,January,Q1,7,Sunday,3,1
2023-01-23,2023,1,January,Q1,1,Monday,4,0
2023-01-24,2023,1,January,Q1,2,Tuesday,4,0
2023-01-25,2023,1,January,Q1,3,Wednesday,4,0
2023-01-26,2023,1,January,Q1,4,Thursday,4,0
2023-01-27,2023,1,January,Q1,5,Friday,4,0
2023-01-28,2023,1,January,Q1,6,Saturday,4,1
2023-01-29,2023,1,January,Q1,7,Sunday,4,1
2023-01-30,2023,1,January,Q1,1,Monday,5,0
2023-01-31,2023,1,January,Q1,2,Tuesday,5,0
2023-02-01,2023,2,February,Q1,3,Wednesday,5,0
2023-02-02,2023,2,February,Q1,4,Thursday,5,0
2023-02-03,2023,2,February,Q1,5,Friday,5,0
2023-02-04,2023,2,February,Q1,6,Saturday,5,1
2023-02-05,2023,2,February,Q1,7,Sunday,5,1
2023-02-06,2023,2,February,Q1,1,Monday,6,0
2023-02-07,2023,2,February,Q1,2,Tuesday,6,0
2023-02-08,2023,2,February,Q1,3,Wednesday,6,0
2023-02-09,2023,2,February,Q1,4,Thursday,6,0
2023-02-10,2023,2,February,Q1,5,Friday,6,0
2023-02-11,2023,2,February,Q1,6,Saturday,6,1
2023-02-12,2023,2,February,Q1,7,Sunday,6,1
2023-02-13,2023,2,February,Q1,1,Monday,7,0
2023-02-14,2023,2,February,Q1,2,Tuesday,7,0
2023-02-15,2023,2,February,Q1,3,Wednesday,7,0
2023-02-16,2023,2,February,Q1,4,Thursday,7,0
2023-02-17,2023,2,February,Q1,5,Friday,7,0
2023-02-18,2023,2,February,Q1,6,Saturday,7,1
2023-02-19,2023,2,February,Q1,7,Sunday,7,1
2023-02-20,2023,2,February,Q1,1,Monday,8,0
2023-02-21,2023,2,February,Q1,2,Tuesday,8,0
2023-02-22,2023,2,February,Q1,3,Wednesday,8,0
2023-02-23,2023,2,February,Q1,4,Thursday,8,0
2023-02-24,2023,2,February,Q1,5,Friday,8,0
2023-02-25,2023,2,February,Q1,6,Saturday,8,1
2023-02-26,2023,2,February,Q1,7,Sunday,8,1
2023-02-27,2023,2,February,Q1,1,Monday,9,0
2023-02-28,2023,2,February,Q1,2,Tuesday,9,0
2023-03-01,2023,3,March,Q1,3,Wednesday,9,0
2023-03-02,2023,3,March,Q1,4,Thursday,9,0
2023-03-03,2023,3,March,Q1,5,Friday,9,0
2023-03-04,2023,3,March,Q1,6,Saturday,9,1
2023-03-05,2023,3,March,Q1,7,Sunday,9,1
2023-03-06,2023,3,March,Q1,1,Monday,10,0
2023-03-07,2023,3,March,Q1,2,Tuesday,10,0
2023-03-08,2023,3,March,Q1,3,Wednesday,10,0
2023-03-09,2023,3,March,Q1,4,Thursday,10,0
2023-03-10,2023,3,March,Q1,5,Friday,10,0
2023-03-11,2023,3,March,Q1,6,Saturday,10,1
2023-03-12,2023,3,March,Q1,7,Sunday,10,1
2023-03-13,2023,3,March,Q1,1,Monday,11,0
2023-03-14,2023,3,March,Q1,2,Tuesday,11,0
2023-03-15,2023,3,March,Q1,3,Wednesday,11,0
2023-03-16,2023,3,March,Q1,4,Thursday,11,0
2023-03-17,2023,3,March,Q1,5,Friday,11,0
2023-03-18,2023,3,March,Q1,6,Saturday,11,1
2023-03-19,2023,3,March,Q1,7,Sunday,11,1
2023-03-20,2023,3,March,Q1,1,Monday,12,0
2023-03-21,2023,3,March,Q1,2,Tuesday,12,0
2023-03-22,2023,3,March,Q1,3,Wednesday,12,0
2023-03-23,2023,3,March,Q1,4,Thursday,12,0
2023-03-24,2023,3,March,Q1,5,Friday,12,0
2023-03-25,2023,3,March,Q1,6,Saturday,12,1
2023-03-26,2023,3,March,Q1,7,Sunday,12,1
2023-03-27,2023,3,March,Q1,1,Monday,13,0
2023-03-28,2023,3,March,Q1,2,Tuesday,13,0
2023-03-29,2023,3,March,Q1,3,Wednesday,13,0
2023-03-30,2023,3,March,Q1,4,Thursday,13,0
2023-03-31,2023,3,March,Q1,5,Friday,13,0
2023-04-01,2023,4,April,Q2,6,Saturday,13,1
2023-04-02,2023,4,April,Q2,7,Sunday,13,1
2023-04-03,2023,4,April,Q2,1,Monday,14,0
2023-04-04,2023,4,April,Q2,2,Tuesday,14,0
2023-04-05,2023,4,April,Q2,3,Wednesday,14,0
2023-04-06,2023,4,April,Q2,4,Thursday,14,0
2023-04-07,2023,4,April,Q2,5,Friday,14,0
2023-04-08,2023,4,April,Q2,6,Saturday,14,1
2023-04-09,2023,4,April,Q2,7,Sunday,14,1
2023-04-10,2023,4,April,Q2,1,Monday,15,0
2023-04-11,2023,4,April,Q2,2,Tuesday,15,0
2023-04-12,2023,4,April,Q2,3,Wednesday,15,0
2023-04-13,2023,4,April,Q2,4,Thursday,15,0
2023-04-14,2023,4,April,Q2,5,Friday,15,0
2023-04-15,2023,4,April,Q2,6,Saturday,15,1
2023-04-16,2023,4,April,Q2,7,Sunday,15,1
2023-04-17,2023,4,April,Q2,1,Monday,16,0
2023-04-18,2023,4,April,Q2,2,Tuesday,16,0
2023-04-19,2023,4,April,Q2,3,Wednesday,16,0
2023-04-20,2023,4,April,Q2,4,Thursday,16,0
2023-04-21,2023,4,April,Q2,5,Friday,16,0
2023-04-22,2023,4,April,Q2,6,Saturday,16,1
2023-04-23,2023,4,April,Q2,7,Sunday,16,1
2023-04-24,2023,4,April,Q2,1,Monday,17,0
2023-04-25,2023,4,April,Q2,2,Tuesday,17,0
2023-04-26,2023,4,April,Q2,3,Wednesday,17,0
2023-04-27,2023,4,April,Q2,4,Thursday,17,0
2023-04-28,2023,4,April,Q2,5,Friday,17,0
2023-04-29,2023,4,April,Q2,6,Saturday,17,1
2023-04-30,2023,4,April,Q2,7,Sunday,17,1
2023-05-01,2023,5,May,Q2,1,Monday,18,0
2023-05-02,2023,5,May,Q2,2,Tuesday,18,0
2023-05-03,2023,5,May,Q2,3,Wednesday,18,0
2023-05-04,2023,5,May,Q2,4,Thursday,18,0
2023-05-05,2023,5,May,Q2,5,Friday,18,0
2023-05-06,2023,5,May,Q2,6,Saturday,18,1
2023-05-07,2023,5,May,Q2,7,Sunday,18,1
2023-05-08,2023,5,May,Q2,1,Monday,19,0
2023-05-09,2023,5,May,Q2,2,Tuesday,19,0
2023-05-10,2023,5,May,Q2,3,Wednesday,19,0
2023-05-11,2023,5,May,Q2,4,Thursday,19,0
2023-05-12,2023,5,May,Q2,5,Friday,19,0
2023-05-13,2023,5,May,Q2,6,Saturday,19,1
2023-05-14,2023,5,May,Q2,7,Sunday,19,1
2023-05-15,2023,5,May,Q2,1,Monday,20,0
2023-05-16,2023,5,May,Q2,2,Tuesday,20,0
2023-05-17,2023,5,May,Q2,3,Wednesday,20,0
2023-05-18,2023,5,May,Q2,4,Thursday,20,0
2023-05-19,2023,5,May,Q2,5,Friday,20,0
2023-05-20,2023,5,May,Q2,6,Saturday,20,1
2023-05-21,2023,5,May,Q2,7,Sunday,20,1
2023-05-22,2023,5,May,Q2,1,Monday,21,0
2023-05-23,2023,5,May,Q2,2,Tuesday,21,0
2023-05-24,2023,5,May,Q2,3,Wednesday,21,0
2023-05-25,2023,5,May,Q2,4,Thursday,21,0
2023-05-26,2023,5,May,Q2,5,Friday,21,0
2023-05-27,2023,5,May,Q2,6,Saturday,21,1
2023-05-28,2023,5,May,Q2,7,Sunday,21,1
2023-05-29,2023,5,May,Q2,1,Monday,22,0
2023-05-30,2023,5,May,Q2,2,Tuesday,22,0
2023-05-31,2023,5,May,Q2,3,Wednesday,22,0
2023-06-01,2023,6,June,Q2,4,Thursday,22,0
2023-06-02,2023,6,June,Q2,5,Friday,22,0
2023-06-03,2023,6,June,Q2,6,Saturday,22,1
2023-06-04,2023,6,June,Q2,7,Sunday,22,1
2023-06-05,2023,6,June,Q2,1,Monday,23,0
2023-06-06,2023,6,June,Q2,2,Tuesday,23,0
2023-06-07,2023,6,June,Q2,3,Wednesday,23,0
2023-06-08,2023,6,June,Q2,4,Thursday,23,0
2023-06-09,2023,6,June,Q2,5,Friday,23,0
2023-06-10,2023,6,June,Q2,6,Saturday,23,1
2023-06-11,2023,6,June,Q2,7,Sunday,23,1
2023-06-12,2023,6,June,Q2,1,Monday,24,0
2023-06-13,2023,6,June,Q2,2,Tuesday,24,0
2023-06-14,2023,6,June,Q2,3,Wednesday,24,0
2023-06-15,2023,6,June,Q2,4,Thursday,24,0
2023-06-16,2023,6,June,Q2,5,Friday,24,0
2023-06-17,2023,6,June,Q2,6,Saturday,24,1
2023-06-18,2023,6,June,Q2,7,Sunday,24,1
2023-06-19,2023,6,June,Q2,1,Monday,25,0
2023-06-20,2023,6,June,Q2,2,Tuesday,25,0
2023-06-21,2023,6,June,Q2,3,Wednesday,25,0
2023-06-22,2023,6,June,Q2,4,Thursday,25,0
2023-06-23,2023,6,June,Q2,5,Friday,25,0
2023-06-24,2023,6,June,Q2,6,Saturday,25,1
2023-06-25,2023,6,June,Q2,7,Sunday,25,1
2023-06-26,2023,6,June,Q2,1,Monday,26,0
2023-06-27,2023,6,June,Q2,2,Tuesday,26,0
2023-06-28,2023,6,June,Q2,3,Wednesday,26,0
2023-06-29,2023,6,June,Q2,4,Thursday,26,0
2023-06-30,2023,6,June,Q2,5,Friday,26,0
2023-07-01,2023,7,July,Q3,6,Saturday,26,1
2023-07-02,2023,7,July,Q3,7,Sunday,26,1
2023-07-03,2023,7,July,Q3,1,Monday,27,0
2023-07-04,2023,7,July,Q3,2,Tuesday,27,0
2023-07-05,2023,7,July,Q3,3,Wednesday,27,0
2023-07-06,2023,7,July,Q3,4,Thursday,27,0
2023-07-07,2023,7,July,Q3,5,Friday,27,0
2023-07-08,2023,7,July,Q3,6,Saturday,27,1
2023-07-09,2023,7,July,Q3,7,Sunday,27,1
2023-07-10,2023,7,July,Q3,1,Monday,28,0
2023-07-11,2023,7,July,Q3,2,Tuesday,28,0
2023-07-12,2023,7,July,Q3,3,Wednesday,28,0
2023-07-13,2023,7,July,Q3,4,Thursday,28,0
2023-07-14,2023,7,July,Q3,5,Friday,28,0
2023-07-15,2023,7,July,Q3,6,Saturday,28,1
2023-07-16,2023,7,July,Q3,7,Sunday,28,1
2023-07-17,2023,7,July,Q3,1,Monday,29,0
2023-07-18,2023,7,July,Q3,2,Tuesday,29,0
2023-07-19,2023,7,July,Q3,3,Wednesday,29,0
2023-07-20,2023,7,July,Q3,4,Thursday,29,0
2023-07-21,2023,7,July,Q3,5,Friday,29,0
2023-07-22,2023,7,July,Q3,6,Saturday,29,1
2023-07-23,2023,7,July,Q3,7,Sunday,29,1
2023-07-24,2023,7,July,Q3,1,Monday,30,0
2023-07-25,2023,7,July,Q3,2,Tuesday,30,0
2023-07-26,2023,7,July,Q3,3,Wednesday,30,0
2023-07-27,2023,7,July,Q3,4,Thursday,30,0
2023-07-28,2023,7,July,Q3,5,Friday,30,0
2023-07-29,2023,7,July,Q3,6,Saturday,30,1
2023-07-30,2023,7,July,Q3,7,Sunday,30,1
2023-07-31,2023,7,July,Q3,1,Monday,31,0
2023-08-01,2023,8,August,Q3,2,Tuesday,31,0
2023-08-02,2023,8,August,Q3,3,Wednesday,31,0
2023-08-03,2023,8,August,Q3,4,Thursday,31,0
2023-08-04,2023,8,August,Q3,5,Friday,31,0
2023-08-05,2023,8,August,Q3,6,Saturday,31,1
2023-08-06,2023,8,August,Q3,7,Sunday,31,1
2023-08-07,2023,8,August,Q3,1,Monday,32,0
2023-08-08,2023,8,August,Q3,2,Tuesday,32,0
2023-08-09,2023,8,August,Q3,3,Wednesday,32,0
2023-08-10,2023,8,August,Q3,4,Thursday,32,0
2023-08-11,2023,8,August,Q3,5,Friday,32,0
2023-08-12,2023,8,August,Q3,6,Saturday,32,1
2023-08-13,2023,8,August,Q3,7,Sunday,32,1
2023-08-14,2023,8,August,Q3,1,Monday,33,0
2023-08-15,2023,8,August,Q3,2,Tuesday,33,0
2023-08-16,2023,8,August,Q3,3,Wednesday,33,0
2023-08-17,2023,8,August,Q3,4,Thursday,33,0
2023-08-18,2023,8,August,Q3,5,Friday,33,0
2023-08-19,2023,8,August,Q3,6,Saturday,33,1
2023-08-20,2023,8,August,Q3,7,Sunday,33,1
2023-08-21,2023,8,August,Q3,1,Monday,34,0
2023-08-22,2023,8,August,Q3,2,Tuesday,34,0
2023-08-23,2023,8,August,Q3,3,Wednesday,34,0
2023-08-24,2023,8,August,Q3,4,Thursday,34,0
2023-08-25,2023,8,August,Q3,5,Friday,34,0
2023-08-26,2023,8,August,Q3,6,Saturday,34,1
2023-08-27,2023,8,August,Q3,7,Sunday,34,1
2023-08-28,2023,8,August,Q3,1,Monday,35,0
2023-08-29,2023,8,August,Q3,2,Tuesday,35,0
2023-08-30,2023,8,August,Q3,3,Wednesday,35,0
2023-08-31,2023,8,August,Q3,4,Thursday,35,0
2023-09-01,2023,9,September,Q3,5,Friday,35,0
2023-09-02,2023,9,September,Q3,6,Saturday,35,1
2023-09-03,2023,9,September,Q3,7,Sunday,35,1
2023-09-04,2023,9,September,Q3,1,Monday,36,0
2023-09-05,2023,9,September,Q3,2,Tuesday,36,0
2023-09-06,2023,9,September,Q3,3,Wednesday,36,0
2023-09-07,2023,9,September,Q3,4,Thursday,36,0
2023-09-08,2023,9,September,Q3,5,Friday,36,0
2023-09-09,2023,9,September,Q3,6,Saturday,36,1
2023-09-10,2023,9,September,Q3,7,Sunday,36,1
2023-09-11,2023,9,September,Q3,1,Monday,37,0
2023-09-12,2023,9,September,Q3,2,Tuesday,37,0
2023-09-13,2023,9,September,Q3,3,Wednesday,37,0
2023-09-14,2023,9,September,Q3,4,Thursday,37,0
2023-09-15,2023,9,September,Q3,5,Friday,37,0
2023-09-16,2023,9,September,Q3,6,Saturday,37,1
2023-09-17,2023,9,September,Q3,7,Sunday,37,1
2023-09-18,2023,9,September,Q3,1,Monday,38,0
2023-09-19,2023,9,September,Q3,2,Tuesday,38,0
2023-09-20,2023,9,September,Q3,3,Wednesday,38,0
2023-09-21,2023,9,September,Q3,4,Thursday,38,0
2023-09-22,2023,9,September,Q3,5,Friday,38,0
2023-09-23,2023,9,September,Q3,6,Saturday,38,1
2023-09-24,2023,9,September,Q3,7,Sunday,38,1
2023-09-25,2023,9,September,Q3,1,Monday,39,0
2023-09-26,2023,9,September,Q3,2,Tuesday,39,0
2023-09-27,2023,9,September,Q3,3,Wednesday,39,0
2023-09-28,2023,9,September,Q3,4,Thursday,39,0
2023-09-29,2023,9,September,Q3,5,Friday,39,0
2023-09-30,2023,9,September,Q3,6,Saturday,39,1
2023-10-01,2023,10,October,Q4,7,Sunday,39,1
2023-10-02,2023,10,October,Q4,1,Monday,40,0
2023-10-03,2023,10,October,Q4,2,Tuesday,40,0
2023-10-04,2023,10,October,Q4,3,Wednesday,40,0
2023-10-05,2023,10,October,Q4,4,Thursday,40,0
2023-10-06,2023,10,October,Q4,5,Friday,40,0
2023-10-07,2023,10,October,Q4,6,Saturday,40,1
2023-10-08,2023,10,October,Q4,7,Sunday,40,1
2023-10-09,2023,10,October,Q4,1,Monday,41,0
2023-10-10,2023,10,October,Q4,2,Tuesday,41,0
2023-10-11,2023,10,October,Q4,3,Wednesday,41,0
2023-10-12,2023,10,October,Q4,4,Thursday,41,0
2023-10-13,2023,10,October,Q4,5,Friday,41,0
2023-10-14,2023,10,October,Q4,6,Saturday,41,1
2023-10-15,2023,10,October,Q4,7,Sunday,41,1
2023-10-16,2023,10,October,Q4,1,Monday,42,0
2023-10-17,2023,10,October,Q4,2,Tuesday,42,0
2023-10-18,2023,10,October,Q4,3,Wednesday,42,0
2023-10-19,2023,10,October,Q4,4,Thursday,42,0
2023-10-20,2023,10,October,Q4,5,Friday,42,0
2023-10-21,2023,10,October,Q4,6,Saturday,42,1
2023-10-22,2023,10,October,Q4,7,Sunday,42,1
2023-10-23,2023,10,October,Q4,1,Monday,43,0
2023-10-24,2023,10,October,Q4,2,Tuesday,43,0
2023-10-25,2023,10,October,Q4,3,Wednesday,43,0
2023-10-26,2023,10,October,Q4,4,Thursday,43,0
2023-10-27,2023,10,October,Q4,5,Friday,43,0
2023-10-28,2023,10,October,Q4,6,Saturday,43,1
2023-10-29,2023,10,October,Q4,7,Sunday,43,1
2023-10-30,2023,10,October,Q4,1,Monday,44,0
2023-10-31,2023,10,October,Q4,2,Tuesday,44,0
2023-11-01,2023,11,November,Q4,3,Wednesday,44,0
2023-11-02,2023,11,November,Q4,4,Thursday,44,0
2023-11-03,2023,11,November,Q4,5,Friday,44,0
2023-11-04,2023,11,November,Q4,6,Saturday,44,1
2023-11-05,2023,11,November,Q4,7,Sunday,44,1
2023-11-06,2023,11,November,Q4,1,Monday,45,0
2023-11-07,2023,11,November,Q4,2,Tuesday,45,0
2023-11-08,2023,11,November,Q4,3,Wednesday,45,0
2023-11-09,2023,11,November,Q4,4,Thursday,45,0
2023-11-10,2023,11,November,Q4,5,Friday,45,0
2023-11-11,2023,11,November,Q4,6,Saturday,45,1
2023-11-12,2023,11,November,Q4,7,Sunday,45,1
2023-11-13,2023,11,November,Q4,1,Monday,46,0
2023-11-14,2023,11,November,Q4,2,Tuesday,46,0
2023-11-15,2023,11,November,Q4,3,Wednesday,46,0
2023-11-16,2023,11,November,Q4,4,Thursday,46,0
2023-11-17,2023,11,November,Q4,5,Friday,46,0
2023-11-18,2023,11,November,Q4,6,Saturday,46,1
2023-11-19,2023,11,November,Q4,7,Sunday,46,1
2023-11-20,2023,11,November,Q4,1,Monday,47,0
2023-11-21,2023,11,November,Q4,2,Tuesday,47,0
2023-11-22,2023,11,November,Q4,3,Wednesday,47,0
2023-11-23,2023,11,November,Q4,4,Thursday,47,0
2023-11-24,2023,11,November,Q4,5,Friday,47,0
2023-11-25,2023,11,November,Q4,6,Saturday,47,1
2023-11-26,2023,11,November,Q4,7,Sunday,47,1
2023-11-27,2023,11,November,Q4,1,Monday,48,0
2023-11-28,2023,11,November,Q4,2,Tuesday,48,0
2023-11-29,2023,11,November,Q4,3,Wednesday,48,0
2023-11-30,2023,11,November,Q4,4,Thursday,48,0
2023-12-01,2023,12,December,Q4,5,Friday,48,0
2023-12-02,2023,12,December,Q4,6,Saturday,48,1
2023-12-03,2023,12,December,Q4,7,Sunday,48,1
2023-12-04,2023,12,December,Q4,1,Monday,49,0
2023-12-05,2023,12,December,Q4,2,Tuesday,49,0
2023-12-06,2023,12,December,Q4,3,Wednesday,49,0
2023-12-07,2023,12,December,Q4,4,Thursday,49,0
2023-12-08,2023,12,December,Q4,5,Friday,49,0
2023-12-09,2023,12,December,Q4,6,Saturday,49,1
2023-12-10,2023,12,December,Q4,7,Sunday,49,1
2023-12-11,2023,12,December,Q4,1,Monday,50,0
2023-12-12,2023,12,December,Q4,2,Tuesday,50,0
2023-12-13,2023,12,December,Q4,3,Wednesday,50,0
2023-12-14,2023,12,December,Q4,4,Thursday,50,0
2023-12-15,2023,12,December,Q4,5,Friday,50,0
2023-12-16,2023,12,December,Q4,6,Saturday,50,1
2023-12-17,2023,12,December,Q4,7,Sunday,50,1
2023-12-18,2023,12,December,Q4,1,Monday,51,0
2023-12-19,2023,12,December,Q4,2,Tuesday,51,0
2023-12-20,2023,12,December,Q4,3,Wednesday,51,0
2023-12-21,2023,12,December,Q4,4,Thursday,51,0
2023-12-22,2023,12,December,Q4,5,Friday,51,0
2023-12-23,2023,12,December,Q4,6,Saturday,51,1
2023-12-24,2023,12,December,Q4,7,Sunday,51,1
2023-12-25,2023,12,December,Q4,1,Monday,52,0
2023-12-26,2023,12,December,Q4,2,Tuesday,52,0
2023-12-27,2023,12,December,Q4,3,Wednesday,52,0
2023-12-28,2023,12,December,Q4,4,Thursday,52,0
2023-12-29,2023,12,December,Q4,5,Friday,52,0
2023-12-30,2023,12,December,Q4,6,Saturday,52,1
2023-12-31,2023,12,December,Q4,7,Sunday,52,1
