Fecha,Producto,Categoria,Region,Vendedor,Unidades,Precio_Unitario,Ingresos,Costo,Utilidad,Mes,Trimestre,Año
2023-01-01,Laptop,Computadoras,Este,Carlos,3,899.99,2699.97,1588.51,1111.46,1,1,2023
2023-01-01,Mouse,Accesorios,Oeste,Carlos,6,29.99,179.94,96.04,83.9,1,1,2023
2023-01-01,Teclado,Accesorios,Norte,María,5,79.99,399.95,214.27,185.68,1,1,2023
2023-01-02,Laptop,Computadoras,Este,María,5,899.99,4499.95,2125.7,2374.25,1,1,2023
2023-01-02,Mouse,Accesorios,Este,Carlos,1,29.99,29.99,15.56,14.43,1,1,2023
2023-01-02,Teclado,Accesorios,Oeste,Luis,17,79.99,1359.83,546.69,813.14,1,1,2023
2023-01-03,Laptop,Computadoras,Norte,Ana,19,899.99,17099.81,9015.35,8084.46,1,1,2023
2023-01-03,Mouse,Accesorios,Norte,Luis,14,29.99,419.86,244.63,175.23,1,1,2023
2023-01-03,Teclado,Accesorios,Este,Pedro,12,79.99,959.88,501.55,458.33,1,1,2023
2023-01-04,Laptop,Computadoras,Sur,María,10,899.99,8999.9,5172.6,3827.3,1,1,2023
2023-01-04,Mouse,Accesorios,Este,Ana,18,29.99,539.82,294.09,245.73,1,1,2023
2023-01-04,Teclado,Accesorios,Este,Ana,11,79.99,879.89,373.17,506.72,1,1,2023
2023-01-05,Laptop,Computadoras,Este,Pedro,2,899.99,1799.98,1044.87,755.11,1,1,2023
2023-01-05,Mouse,Accesorios,Este,Pedro,18,29.99,539.82,223.1,316.72,1,1,2023
2023-01-05,Teclado,Accesorios,Oeste,Carlos,7,79.99,559.93,283.77,276.16,1,1,2023
2023-01-06,Laptop,Computadoras,Norte,María,15,899.99,13499.85,5783.71,7716.14,1,1,2023
2023-01-06,Mouse,Accesorios,Oeste,María,11,29.99,329.89,132.73,197.16,1,1,2023
2023-01-06,Teclado,Accesorios,Oeste,Luis,18,79.99,1439.82,697.46,742.36,1,1,2023
2023-01-07,Laptop,Computadoras,Oeste,Carlos,12,899.99,10799.88,4957.23,5842.65,1,1,2023
2023-01-07,Mouse,Accesorios,Este,Carlos,6,29.99,179.94,89.47,90.47,1,1,2023
2023-01-07,Teclado,Accesorios,Sur,Carlos,13,79.99,1039.87,535.99,503.88,1,1,2023
2023-01-08,Laptop,Computadoras,Norte,Carlos,16,899.99,14399.84,5885.9,8513.94,1,1,2023
2023-01-08,Mouse,Accesorios,Sur,María,18,29.99,539.82,229.21,310.61,1,1,2023
2023-01-08,Teclado,Accesorios,Oeste,María,10,79.99,799.9,409.33,390.57,1,1,2023
2023-01-09,Laptop,Computadoras,Oeste,Carlos,8,899.99,7199.92,3374.12,3825.8,1,1,2023
2023-01-09,Mouse,Accesorios,Sur,Luis,18,29.99,539.82,294.65,245.17,1,1,2023
2023-01-09,Teclado,Accesorios,Sur,Ana,1,79.99,79.99,42.43,37.56,1,1,2023
2023-01-10,Laptop,Computadoras,Sur,Ana,8,899.99,7199.92,4097.62,3102.3,1,1,2023
2023-01-10,Mouse,Accesorios,Oeste,Luis,6,29.99,179.94,96.9,83.04,1,1,2023
2023-01-10,Teclado,Accesorios,Oeste,Carlos,5,79.99,399.95,194.37,205.58,1,1,2023
2023-01-11,Laptop,Computadoras,Norte,María,15,899.99,13499.85,7216.93,6282.92,1,1,2023
2023-01-11,Mouse,Accesorios,Norte,Ana,15,29.99,449.85,204.72,245.13,1,1,2023
2023-01-11,Teclado,Accesorios,Oeste,Pedro,2,79.99,159.98,73.79,86.19,1,1,2023
2023-01-12,Laptop,Computadoras,Sur,Pedro,1,899.99,899.99,502.01,397.98,1,1,2023
2023-01-12,Mouse,Accesorios,Sur,Luis,11,29.99,329.89,161.41,168.48,1,1,2023
2023-01-12,Teclado,Accesorios,Norte,Carlos,10,79.99,799.9,447.68,352.22,1,1,2023
2023-01-13,Laptop,Computadoras,Oeste,Ana,18,899.99,16199.82,9144.55,7055.27,1,1,2023
2023-01-13,Mouse,Accesorios,Norte,Carlos,18,29.99,539.82,308.51,231.31,1,1,2023
2023-01-13,Teclado,Accesorios,Norte,Ana,17,79.99,1359.83,793.23,566.6,1,1,2023
2023-01-14,Laptop,Computadoras,Este,Luis,8,899.99,7199.92,3500.58,3699.34,1,1,2023
2023-01-14,Mouse,Accesorios,Este,Luis,15,29.99,449.85,208.63,241.22,1,1,2023
2023-01-14,Teclado,Accesorios,Este,Pedro,8,79.99,639.92,330.48,309.44,1,1,2023
2023-01-15,Laptop,Computadoras,Sur,Carlos,17,899.99,15299.83,7255.71,8044.12,1,1,2023
2023-01-15,Mouse,Accesorios,Oeste,Pedro,12,29.99,359.88,187.21,172.67,1,1,2023
2023-01-15,Teclado,Accesorios,Oeste,Carlos,8,79.99,639.92,346.27,293.65,1,1,2023
2023-01-16,Laptop,Computadoras,Oeste,Pedro,14,899.99,12599.86,6774.71,5825.15,1,1,2023
2023-01-16,Mouse,Accesorios,Oeste,María,4,29.99,119.96,56.97,62.99,1,1,2023
2023-01-16,Teclado,Accesorios,Este,María,1,79.99,79.99,34.67,45.32,1,1,2023
2023-01-17,Laptop,Computadoras,Sur,María,1,899.99,899.99,437.49,462.5,1,1,2023
2023-01-17,Mouse,Accesorios,Sur,María,19,29.99,569.81,244.17,325.64,1,1,2023
2023-01-17,Teclado,Accesorios,Este,Ana,16,79.99,1279.84,739.77,540.07,1,1,2023
2023-01-18,Laptop,Computadoras,Sur,María,14,899.99,12599.86,5911.55,6688.31,1,1,2023
2023-01-18,Mouse,Accesorios,Este,Luis,16,29.99,479.84,206.76,273.08,1,1,2023
2023-01-18,Teclado,Accesorios,Oeste,Luis,5,79.99,399.95,162.02,237.93,1,1,2023
2023-01-19,Laptop,Computadoras,Este,Ana,9,899.99,8099.91,4286.18,3813.73,1,1,2023
2023-01-19,Mouse,Accesorios,Oeste,María,2,29.99,59.98,31.63,28.35,1,1,2023
2023-01-19,Teclado,Accesorios,Oeste,María,18,79.99,1439.82,674.01,765.81,1,1,2023
2023-01-20,Laptop,Computadoras,Norte,María,6,899.99,5399.94,2237.42,3162.52,1,1,2023
2023-01-20,Mouse,Accesorios,Este,Pedro,9,29.99,269.91,130.08,139.83,1,1,2023
2023-01-20,Teclado,Accesorios,Norte,Carlos,1,79.99,79.99,36.97,43.02,1,1,2023
2023-01-21,Laptop,Computadoras,Este,Pedro,9,899.99,8099.91,4336.89,3763.02,1,1,2023
2023-01-21,Mouse,Accesorios,Este,Carlos,16,29.99,479.84,250.07,229.77,1,1,2023
2023-01-21,Teclado,Accesorios,Norte,María,13,79.99,1039.87,491.77,548.1,1,1,2023
2023-01-22,Laptop,Computadoras,Norte,María,9,899.99,8099.91,3592.95,4506.96,1,1,2023
2023-01-22,Mouse,Accesorios,Este,Pedro,13,29.99,389.87,232.99,156.88,1,1,2023
2023-01-22,Teclado,Accesorios,Sur,Pedro,9,79.99,719.91,353.33,366.58,1,1,2023
2023-01-23,Laptop,Computadoras,Oeste,Carlos,11,899.99,9899.89,5322.72,4577.17,1,1,2023
2023-01-23,Mouse,Accesorios,Norte,Luis,4,29.99,119.96,51.36,68.6,1,1,2023
2023-01-23,Teclado,Accesorios,Oeste,Carlos,2,79.99,159.98,79.53,80.45,1,1,2023
2023-01-24,Laptop,Computadoras,Sur,Pedro,6,899.99,5399.94,2189.72,3210.22,1,1,2023
2023-01-24,Mouse,Accesorios,Sur,Pedro,14,29.99,419.86,210.39,209.47,1,1,2023
2023-01-24,Teclado,Accesorios,Sur,Ana,4,79.99,319.96,189.67,130.29,1,1,2023
2023-01-25,Laptop,Computadoras,Norte,Pedro,6,899.99,5399.94,2574.91,2825.03,1,1,2023
2023-01-25,Mouse,Accesorios,Sur,Ana,19,29.99,569.81,232.37,337.44,1,1,2023
2023-01-25,Teclado,Accesorios,Norte,Luis,6,79.99,479.94,194.95,284.99,1,1,2023
2023-01-26,Laptop,Computadoras,Sur,Carlos,2,899.99,1799.98,859.67,940.31,1,1,2023
2023-01-26,Mouse,Accesorios,Oeste,Carlos,18,29.99,539.82,233.2,306.62,1,1,2023
2023-01-26,Teclado,Accesorios,Oeste,Ana,13,79.99,1039.87,420.8,619.07,1,1,2023
2023-01-27,Laptop,Computadoras,Este,Carlos,9,899.99,8099.91,4465.02,3634.89,1,1,2023
2023-01-27,Mouse,Accesorios,Oeste,Pedro,19,29.99,569.81,280.18,289.63,1,1,2023
2023-01-27,Teclado,Accesorios,Este,María,13,79.99,1039.87,476.1,563.77,1,1,2023
2023-01-28,Laptop,Computadoras,Oeste,Ana,11,899.99,9899.89,5742.1,4157.79,1,1,2023
2023-01-28,Mouse,Accesorios,Norte,Carlos,1,29.99,29.99,12.69,17.3,1,1,2023
2023-01-28,Teclado,Accesorios,Oeste,Ana,7,79.99,559.93,331.02,228.91,1,1,2023
2023-01-29,Laptop,Computadoras,Este,Ana,15,899.99,13499.85,6247.64,7252.21,1,1,2023
2023-01-29,Mouse,Accesorios,Este,María,1,29.99,29.99,17.32,12.67,1,1,2023
2023-01-29,Teclado,Accesorios,Sur,Pedro,12,79.99,959.88,499.7,460.18,1,1,2023
2023-01-30,Laptop,Computadoras,Norte,Ana,7,899.99,6299.93,3561.61,2738.32,1,1,2023
2023-01-30,Mouse,Accesorios,Oeste,Carlos,15,29.99,449.85,268.47,181.38,1,1,2023
2023-01-30,Teclado,Accesorios,Sur,Luis,19,79.99,1519.81,695.59,824.22,1,1,2023
2023-01-31,Laptop,Computadoras,Oeste,Ana,1,899.99,899.99,533.0,366.99,1,1,2023
2023-01-31,Mouse,Accesorios,Oeste,Ana,17,29.99,509.83,243.65,266.18,1,1,2023
2023-01-31,Teclado,Accesorios,Sur,María,17,79.99,1359.83,648.78,711.05,1,1,2023
2023-02-01,Laptop,Computadoras,Sur,Pedro,3,899.99,2699.97,1263.79,1436.18,2,1,2023
2023-02-01,Mouse,Accesorios,Sur,Luis,12,29.99,359.88,182.92,176.96,2,1,2023
2023-02-01,Teclado,Accesorios,Sur,Carlos,6,79.99,479.94,206.77,273.17,2,1,2023
2023-02-02,Laptop,Computadoras,Sur,Luis,11,899.99,9899.89,5056.29,4843.6,2,1,2023
2023-02-02,Mouse,Accesorios,Oeste,Carlos,3,29.99,89.97,45.74,44.23,2,1,2023
2023-02-02,Teclado,Accesorios,Sur,Pedro,8,79.99,639.92,353.48,286.44,2,1,2023
2023-02-03,Laptop,Computadoras,Norte,Carlos,14,899.99,12599.86,7140.72,5459.14,2,1,2023
2023-02-03,Mouse,Accesorios,Este,María,14,29.99,419.86,204.93,214.93,2,1,2023
2023-02-03,Teclado,Accesorios,Sur,María,10,79.99,799.9,368.33,431.57,2,1,2023
2023-02-04,Laptop,Computadoras,Sur,María,2,899.99,1799.98,813.35,986.63,2,1,2023
2023-02-04,Mouse,Accesorios,Oeste,María,14,29.99,419.86,184.29,235.57,2,1,2023
2023-02-04,Teclado,Accesorios,Sur,Luis,9,79.99,719.91,296.26,423.65,2,1,2023
2023-02-05,Laptop,Computadoras,Sur,Pedro,3,899.99,2699.97,1264.91,1435.06,2,1,2023
2023-02-05,Mouse,Accesorios,Sur,Carlos,8,29.99,239.92,108.94,130.98,2,1,2023
2023-02-05,Teclado,Accesorios,Oeste,Carlos,16,79.99,1279.84,759.31,520.53,2,1,2023
2023-02-06,Laptop,Computadoras,Sur,María,2,899.99,1799.98,920.76,879.22,2,1,2023
2023-02-06,Mouse,Accesorios,Este,María,6,29.99,179.94,84.47,95.47,2,1,2023
2023-02-06,Teclado,Accesorios,Oeste,Ana,12,79.99,959.88,495.39,464.49,2,1,2023
2023-02-07,Laptop,Computadoras,Este,Pedro,5,899.99,4499.95,1925.26,2574.69,2,1,2023
2023-02-07,Mouse,Accesorios,Oeste,Luis,2,29.99,59.98,29.32,30.66,2,1,2023
2023-02-07,Teclado,Accesorios,Sur,Carlos,16,79.99,1279.84,672.23,607.61,2,1,2023
2023-02-08,Laptop,Computadoras,Este,Ana,5,899.99,4499.95,2239.98,2259.97,2,1,2023
2023-02-08,Mouse,Accesorios,Oeste,Ana,15,29.99,449.85,216.09,233.76,2,1,2023
2023-02-08,Teclado,Accesorios,Norte,Carlos,12,79.99,959.88,574.75,385.13,2,1,2023
2023-02-09,Laptop,Computadoras,Sur,Luis,4,899.99,3599.96,2073.8,1526.16,2,1,2023
2023-02-09,Mouse,Accesorios,Oeste,Ana,15,29.99,449.85,236.03,213.82,2,1,2023
2023-02-09,Teclado,Accesorios,Norte,Ana,11,79.99,879.89,452.15,427.74,2,1,2023
2023-02-10,Laptop,Computadoras,Oeste,Pedro,16,899.99,14399.84,7547.42,6852.42,2,1,2023
2023-02-10,Mouse,Accesorios,Norte,Luis,6,29.99,179.94,79.22,100.72,2,1,2023
2023-02-10,Teclado,Accesorios,Sur,Ana,14,79.99,1119.86,536.44,583.42,2,1,2023
2023-02-11,Laptop,Computadoras,Este,Luis,18,899.99,16199.82,6607.78,9592.04,2,1,2023
2023-02-11,Mouse,Accesorios,Norte,Carlos,12,29.99,359.88,178.18,181.7,2,1,2023
2023-02-11,Teclado,Accesorios,Oeste,María,11,79.99,879.89,447.52,432.37,2,1,2023
2023-02-12,Laptop,Computadoras,Sur,Ana,13,899.99,11699.87,5212.88,6486.99,2,1,2023
2023-02-12,Mouse,Accesorios,Norte,Pedro,11,29.99,329.89,195.56,134.33,2,1,2023
2023-02-12,Teclado,Accesorios,Oeste,Carlos,16,79.99,1279.84,744.73,535.11,2,1,2023
2023-02-13,Laptop,Computadoras,Oeste,Luis,15,899.99,13499.85,7349.71,6150.14,2,1,2023
2023-02-13,Mouse,Accesorios,Oeste,Carlos,15,29.99,449.85,227.93,221.92,2,1,2023
2023-02-13,Teclado,Accesorios,Norte,Ana,4,79.99,319.96,183.66,136.3,2,1,2023
2023-02-14,Laptop,Computadoras,Norte,Luis,11,899.99,9899.89,4218.64,5681.25,2,1,2023
2023-02-14,Mouse,Accesorios,Norte,María,19,29.99,569.81,318.01,251.8,2,1,2023
2023-02-14,Teclado,Accesorios,Este,Carlos,15,79.99,1199.85,509.89,689.96,2,1,2023
2023-02-15,Laptop,Computadoras,Norte,Ana,4,899.99,3599.96,2011.81,1588.15,2,1,2023
2023-02-15,Mouse,Accesorios,Norte,Pedro,13,29.99,389.87,177.45,212.42,2,1,2023
2023-02-15,Teclado,Accesorios,Norte,Luis,19,79.99,1519.81,874.53,645.28,2,1,2023
2023-02-16,Laptop,Computadoras,Este,Carlos,2,899.99,1799.98,1059.84,740.14,2,1,2023
2023-02-16,Mouse,Accesorios,Norte,Carlos,14,29.99,419.86,180.44,239.42,2,1,2023
2023-02-16,Teclado,Accesorios,Oeste,María,4,79.99,319.96,157.59,162.37,2,1,2023
2023-02-17,Laptop,Computadoras,Norte,María,16,899.99,14399.84,8585.15,5814.69,2,1,2023
2023-02-17,Mouse,Accesorios,Oeste,Pedro,14,29.99,419.86,208.54,211.32,2,1,2023
2023-02-17,Teclado,Accesorios,Oeste,Pedro,15,79.99,1199.85,687.17,512.68,2,1,2023
2023-02-18,Laptop,Computadoras,Oeste,Ana,3,899.99,2699.97,1397.9,1302.07,2,1,2023
2023-02-18,Mouse,Accesorios,Este,Ana,8,29.99,239.92,113.98,125.94,2,1,2023
2023-02-18,Teclado,Accesorios,Este,Pedro,16,79.99,1279.84,585.09,694.75,2,1,2023
2023-02-19,Laptop,Computadoras,Este,Pedro,10,899.99,8999.9,3965.76,5034.14,2,1,2023
2023-02-19,Mouse,Accesorios,Norte,Luis,4,29.99,119.96,66.26,53.7,2,1,2023
2023-02-19,Teclado,Accesorios,Oeste,María,18,79.99,1439.82,687.24,752.58,2,1,2023
2023-02-20,Laptop,Computadoras,Este,Ana,2,899.99,1799.98,904.05,895.93,2,1,2023
2023-02-20,Mouse,Accesorios,Este,María,17,29.99,509.83,254.13,255.7,2,1,2023
2023-02-20,Teclado,Accesorios,Norte,María,13,79.99,1039.87,536.01,503.86,2,1,2023
2023-02-21,Laptop,Computadoras,Este,Pedro,4,899.99,3599.96,2063.19,1536.77,2,1,2023
2023-02-21,Mouse,Accesorios,Norte,Luis,11,29.99,329.89,196.66,133.23,2,1,2023
2023-02-21,Teclado,Accesorios,Sur,Carlos,7,79.99,559.93,269.62,290.31,2,1,2023
2023-02-22,Laptop,Computadoras,Este,Luis,12,899.99,10799.88,6107.37,4692.51,2,1,2023
2023-02-22,Mouse,Accesorios,Sur,Luis,10,29.99,299.9,165.82,134.08,2,1,2023
2023-02-22,Teclado,Accesorios,Norte,María,7,79.99,559.93,288.2,271.73,2,1,2023
2023-02-23,Laptop,Computadoras,Oeste,Luis,13,899.99,11699.87,6917.07,4782.8,2,1,2023
2023-02-23,Mouse,Accesorios,Este,Ana,7,29.99,209.93,92.39,117.54,2,1,2023
2023-02-23,Teclado,Accesorios,Norte,María,17,79.99,1359.83,573.65,786.18,2,1,2023
2023-02-24,Laptop,Computadoras,Oeste,Ana,10,899.99,8999.9,5137.07,3862.83,2,1,2023
2023-02-24,Mouse,Accesorios,Oeste,Carlos,10,29.99,299.9,146.3,153.6,2,1,2023
2023-02-24,Teclado,Accesorios,Sur,María,4,79.99,319.96,182.18,137.78,2,1,2023
2023-02-25,Laptop,Computadoras,Norte,Carlos,4,899.99,3599.96,2083.0,1516.96,2,1,2023
2023-02-25,Mouse,Accesorios,Oeste,María,7,29.99,209.93,86.59,123.34,2,1,2023
2023-02-25,Teclado,Accesorios,Este,Pedro,1,79.99,79.99,46.13,33.86,2,1,2023
2023-02-26,Laptop,Computadoras,Este,Luis,12,899.99,10799.88,5288.31,5511.57,2,1,2023
2023-02-26,Mouse,Accesorios,Sur,Pedro,13,29.99,389.87,195.75,194.12,2,1,2023
2023-02-26,Teclado,Accesorios,Oeste,Carlos,10,79.99,799.9,420.2,379.7,2,1,2023
2023-02-27,Laptop,Computadoras,Norte,Luis,15,899.99,13499.85,7901.15,5598.7,2,1,2023
2023-02-27,Mouse,Accesorios,Este,María,13,29.99,389.87,157.44,232.43,2,1,2023
2023-02-27,Teclado,Accesorios,Oeste,Luis,9,79.99,719.91,356.62,363.29,2,1,2023
2023-02-28,Laptop,Computadoras,Oeste,Ana,9,899.99,8099.91,4354.06,3745.85,2,1,2023
2023-02-28,Mouse,Accesorios,Sur,Luis,15,29.99,449.85,244.96,204.89,2,1,2023
2023-02-28,Teclado,Accesorios,Este,Ana,10,79.99,799.9,430.75,369.15,2,1,2023
2023-03-01,Laptop,Computadoras,Este,Luis,10,899.99,8999.9,3841.94,5157.96,3,1,2023
2023-03-01,Mouse,Accesorios,Norte,Ana,8,29.99,239.92,110.33,129.59,3,1,2023
2023-03-01,Teclado,Accesorios,Este,Carlos,16,79.99,1279.84,603.76,676.08,3,1,2023
2023-03-02,Laptop,Computadoras,Norte,Pedro,17,899.99,15299.83,8581.48,6718.35,3,1,2023
2023-03-02,Mouse,Accesorios,Este,María,5,29.99,149.95,68.34,81.61,3,1,2023
2023-03-02,Teclado,Accesorios,Sur,Luis,4,79.99,319.96,141.47,178.49,3,1,2023
2023-03-03,Laptop,Computadoras,Este,Pedro,18,899.99,16199.82,9582.03,6617.79,3,1,2023
2023-03-03,Mouse,Accesorios,Norte,María,19,29.99,569.81,228.93,340.88,3,1,2023
2023-03-03,Teclado,Accesorios,Norte,María,4,79.99,319.96,191.84,128.12,3,1,2023
2023-03-04,Laptop,Computadoras,Sur,Ana,7,899.99,6299.93,3372.76,2927.17,3,1,2023
2023-03-04,Mouse,Accesorios,Este,Carlos,10,29.99,299.9,169.65,130.25,3,1,2023
2023-03-04,Teclado,Accesorios,Este,Carlos,18,79.99,1439.82,660.77,779.05,3,1,2023
2023-03-05,Laptop,Computadoras,Sur,Pedro,19,899.99,17099.81,6888.88,10210.93,3,1,2023
2023-03-05,Mouse,Accesorios,Este,Carlos,4,29.99,119.96,65.69,54.27,3,1,2023
2023-03-05,Teclado,Accesorios,Este,Luis,10,79.99,799.9,453.41,346.49,3,1,2023
2023-03-06,Laptop,Computadoras,Norte,Carlos,1,899.99,899.99,493.28,406.71,3,1,2023
2023-03-06,Mouse,Accesorios,Este,Pedro,18,29.99,539.82,231.35,308.47,3,1,2023
2023-03-06,Teclado,Accesorios,Este,Carlos,5,79.99,399.95,220.25,179.7,3,1,2023
2023-03-07,Laptop,Computadoras,Sur,Luis,15,899.99,13499.85,7476.01,6023.84,3,1,2023
2023-03-07,Mouse,Accesorios,Sur,Ana,17,29.99,509.83,271.08,238.75,3,1,2023
2023-03-07,Teclado,Accesorios,Oeste,Pedro,3,79.99,239.97,132.76,107.21,3,1,2023
2023-03-08,Laptop,Computadoras,Norte,Ana,12,899.99,10799.88,6147.12,4652.76,3,1,2023
2023-03-08,Mouse,Accesorios,Este,Ana,2,29.99,59.98,31.35,28.63,3,1,2023
2023-03-08,Teclado,Accesorios,Este,Ana,1,79.99,79.99,33.41,46.58,3,1,2023
2023-03-09,Laptop,Computadoras,Oeste,María,17,899.99,15299.83,7612.06,7687.77,3,1,2023
2023-03-09,Mouse,Accesorios,Este,María,16,29.99,479.84,199.39,280.45,3,1,2023
2023-03-09,Teclado,Accesorios,Norte,Ana,5,79.99,399.95,192.58,207.37,3,1,2023
2023-03-10,Laptop,Computadoras,Oeste,Pedro,15,899.99,13499.85,6499.12,7000.73,3,1,2023
2023-03-10,Mouse,Accesorios,Norte,Luis,3,29.99,89.97,37.18,52.79,3,1,2023
2023-03-10,Teclado,Accesorios,Oeste,Luis,7,79.99,559.93,263.04,296.89,3,1,2023
2023-03-11,Laptop,Computadoras,Oeste,Carlos,11,899.99,9899.89,4179.73,5720.16,3,1,2023
2023-03-11,Mouse,Accesorios,Sur,Pedro,10,29.99,299.9,168.44,131.46,3,1,2023
2023-03-11,Teclado,Accesorios,Norte,María,9,79.99,719.91,424.41,295.5,3,1,2023
2023-03-12,Laptop,Computadoras,Este,Ana,14,899.99,12599.86,5222.18,7377.68,3,1,2023
2023-03-12,Mouse,Accesorios,Este,Carlos,13,29.99,389.87,230.42,159.45,3,1,2023
2023-03-12,Teclado,Accesorios,Norte,Luis,2,79.99,159.98,80.71,79.27,3,1,2023
2023-03-13,Laptop,Computadoras,Este,María,3,899.99,2699.97,1241.75,1458.22,3,1,2023
2023-03-13,Mouse,Accesorios,Este,María,7,29.99,209.93,87.2,122.73,3,1,2023
2023-03-13,Teclado,Accesorios,Norte,Ana,18,79.99,1439.82,720.09,719.73,3,1,2023
2023-03-14,Laptop,Computadoras,Oeste,Luis,3,899.99,2699.97,1509.02,1190.95,3,1,2023
2023-03-14,Mouse,Accesorios,Norte,Pedro,10,29.99,299.9,162.37,137.53,3,1,2023
2023-03-14,Teclado,Accesorios,Oeste,María,7,79.99,559.93,229.6,330.33,3,1,2023
2023-03-15,Laptop,Computadoras,Este,Ana,9,899.99,8099.91,3358.06,4741.85,3,1,2023
2023-03-15,Mouse,Accesorios,Este,Pedro,17,29.99,509.83,245.01,264.82,3,1,2023
2023-03-15,Teclado,Accesorios,Este,Luis,11,79.99,879.89,403.92,475.97,3,1,2023
2023-03-16,Laptop,Computadoras,Sur,María,7,899.99,6299.93,2812.77,3487.16,3,1,2023
2023-03-16,Mouse,Accesorios,Oeste,Pedro,14,29.99,419.86,191.54,228.32,3,1,2023
2023-03-16,Teclado,Accesorios,Sur,Pedro,19,79.99,1519.81,852.15,667.66,3,1,2023
2023-03-17,Laptop,Computadoras,Sur,Pedro,4,899.99,3599.96,2109.02,1490.94,3,1,2023
2023-03-17,Mouse,Accesorios,Norte,María,6,29.99,179.94,86.55,93.39,3,1,2023
2023-03-17,Teclado,Accesorios,Sur,María,10,79.99,799.9,464.92,334.98,3,1,2023
2023-03-18,Laptop,Computadoras,Norte,Carlos,7,899.99,6299.93,2925.05,3374.88,3,1,2023
2023-03-18,Mouse,Accesorios,Norte,Luis,13,29.99,389.87,193.1,196.77,3,1,2023
2023-03-18,Teclado,Accesorios,Sur,Ana,14,79.99,1119.86,498.57,621.29,3,1,2023
2023-03-19,Laptop,Computadoras,Oeste,Pedro,4,899.99,3599.96,1901.12,1698.84,3,1,2023
2023-03-19,Mouse,Accesorios,Oeste,Carlos,8,29.99,239.92,142.94,96.98,3,1,2023
2023-03-19,Teclado,Accesorios,Oeste,Ana,5,79.99,399.95,208.25,191.7,3,1,2023
2023-03-20,Laptop,Computadoras,Oeste,Carlos,1,899.99,899.99,424.4,475.59,3,1,2023
2023-03-20,Mouse,Accesorios,Oeste,María,4,29.99,119.96,63.53,56.43,3,1,2023
2023-03-20,Teclado,Accesorios,Sur,Pedro,3,79.99,239.97,101.89,138.08,3,1,2023
2023-03-21,Laptop,Computadoras,Sur,Ana,9,899.99,8099.91,4679.58,3420.33,3,1,2023
2023-03-21,Mouse,Accesorios,Este,Ana,8,29.99,239.92,120.11,119.81,3,1,2023
2023-03-21,Teclado,Accesorios,Oeste,Ana,1,79.99,79.99,39.18,40.81,3,1,2023
2023-03-22,Laptop,Computadoras,Sur,Ana,6,899.99,5399.94,2792.7,2607.24,3,1,2023
2023-03-22,Mouse,Accesorios,Este,Ana,9,29.99,269.91,141.69,128.22,3,1,2023
2023-03-22,Teclado,Accesorios,Oeste,Carlos,7,79.99,559.93,232.01,327.92,3,1,2023
2023-03-23,Laptop,Computadoras,Norte,Pedro,4,899.99,3599.96,1931.46,1668.5,3,1,2023
2023-03-23,Mouse,Accesorios,Este,María,13,29.99,389.87,174.81,215.06,3,1,2023
2023-03-23,Teclado,Accesorios,Sur,María,17,79.99,1359.83,738.1,621.73,3,1,2023
2023-03-24,Laptop,Computadoras,Norte,María,2,899.99,1799.98,1016.1,783.88,3,1,2023
2023-03-24,Mouse,Accesorios,Norte,María,5,29.99,149.95,84.09,65.86,3,1,2023
2023-03-24,Teclado,Accesorios,Norte,Carlos,12,79.99,959.88,490.02,469.86,3,1,2023
2023-03-25,Laptop,Computadoras,Este,Luis,8,899.99,7199.92,3629.0,3570.92,3,1,2023
2023-03-25,Mouse,Accesorios,Sur,Pedro,6,29.99,179.94,77.12,102.82,3,1,2023
2023-03-25,Teclado,Accesorios,Norte,Ana,8,79.99,639.92,355.2,284.72,3,1,2023
2023-03-26,Laptop,Computadoras,Oeste,Luis,18,899.99,16199.82,7359.28,8840.54,3,1,2023
2023-03-26,Mouse,Accesorios,Norte,María,3,29.99,89.97,44.93,45.04,3,1,2023
2023-03-26,Teclado,Accesorios,Norte,Luis,12,79.99,959.88,438.53,521.35,3,1,2023
2023-03-27,Laptop,Computadoras,Este,Pedro,3,899.99,2699.97,1152.25,1547.72,3,1,2023
2023-03-27,Mouse,Accesorios,Este,Ana,6,29.99,179.94,94.63,85.31,3,1,2023
2023-03-27,Teclado,Accesorios,Sur,Ana,2,79.99,159.98,65.73,94.25,3,1,2023
2023-03-28,Laptop,Computadoras,Oeste,Pedro,12,899.99,10799.88,5937.01,4862.87,3,1,2023
2023-03-28,Mouse,Accesorios,Este,Pedro,2,29.99,59.98,27.8,32.18,3,1,2023
2023-03-28,Teclado,Accesorios,Norte,María,6,79.99,479.94,191.99,287.95,3,1,2023
2023-03-29,Laptop,Computadoras,Sur,Ana,17,899.99,15299.83,7683.97,7615.86,3,1,2023
2023-03-29,Mouse,Accesorios,Norte,Luis,3,29.99,89.97,36.83,53.14,3,1,2023
2023-03-29,Teclado,Accesorios,Norte,Carlos,2,79.99,159.98,72.83,87.15,3,1,2023
2023-03-30,Laptop,Computadoras,Este,Carlos,8,899.99,7199.92,3898.0,3301.92,3,1,2023
2023-03-30,Mouse,Accesorios,Sur,Pedro,12,29.99,359.88,148.46,211.42,3,1,2023
2023-03-30,Teclado,Accesorios,Oeste,María,4,79.99,319.96,181.69,138.27,3,1,2023
2023-03-31,Laptop,Computadoras,Oeste,Carlos,5,899.99,4499.95,1803.42,2696.53,3,1,2023
2023-03-31,Mouse,Accesorios,Este,Ana,13,29.99,389.87,175.19,214.68,3,1,2023
2023-03-31,Teclado,Accesorios,Este,Pedro,15,79.99,1199.85,657.73,542.12,3,1,2023
2023-04-01,Laptop,Computadoras,Sur,Luis,16,899.99,14399.84,6670.78,7729.06,4,2,2023
2023-04-01,Mouse,Accesorios,Oeste,Pedro,10,29.99,299.9,126.07,173.83,4,2,2023
2023-04-01,Teclado,Accesorios,Oeste,Luis,16,79.99,1279.84,604.14,675.7,4,2,2023
2023-04-02,Laptop,Computadoras,Oeste,Pedro,12,899.99,10799.88,4904.0,5895.88,4,2,2023
2023-04-02,Mouse,Accesorios,Norte,Pedro,17,29.99,509.83,289.86,219.97,4,2,2023
2023-04-02,Teclado,Accesorios,Oeste,Pedro,16,79.99,1279.84,592.14,687.7,4,2,2023
2023-04-03,Laptop,Computadoras,Norte,Luis,12,899.99,10799.88,6024.03,4775.85,4,2,2023
2023-04-03,Mouse,Accesorios,Sur,Luis,8,29.99,239.92,138.76,101.16,4,2,2023
2023-04-03,Teclado,Accesorios,Norte,Pedro,3,79.99,239.97,116.81,123.16,4,2,2023
2023-04-04,Laptop,Computadoras,Sur,Carlos,16,899.99,14399.84,8380.54,6019.3,4,2,2023
2023-04-04,Mouse,Accesorios,Oeste,María,13,29.99,389.87,185.37,204.5,4,2,2023
2023-04-04,Teclado,Accesorios,Oeste,María,19,79.99,1519.81,900.97,618.84,4,2,2023
2023-04-05,Laptop,Computadoras,Sur,María,8,899.99,7199.92,3008.54,4191.38,4,2,2023
2023-04-05,Mouse,Accesorios,Este,Luis,5,29.99,149.95,80.58,69.37,4,2,2023
2023-04-05,Teclado,Accesorios,Sur,Luis,8,79.99,639.92,319.17,320.75,4,2,2023
2023-04-06,Laptop,Computadoras,Este,Carlos,12,899.99,10799.88,5157.26,5642.62,4,2,2023
2023-04-06,Mouse,Accesorios,Norte,María,1,29.99,29.99,15.79,14.2,4,2,2023
2023-04-06,Teclado,Accesorios,Norte,María,6,79.99,479.94,259.54,220.4,4,2,2023
2023-04-07,Laptop,Computadoras,Norte,Pedro,18,899.99,16199.82,6494.06,9705.76,4,2,2023
2023-04-07,Mouse,Accesorios,Oeste,Luis,8,29.99,239.92,103.98,135.94,4,2,2023
2023-04-07,Teclado,Accesorios,Norte,María,7,79.99,559.93,303.82,256.11,4,2,2023
2023-04-08,Laptop,Computadoras,Este,Carlos,1,899.99,899.99,479.94,420.05,4,2,2023
2023-04-08,Mouse,Accesorios,Norte,Carlos,16,29.99,479.84,284.65,195.19,4,2,2023
2023-04-08,Teclado,Accesorios,Sur,María,12,79.99,959.88,530.05,429.83,4,2,2023
2023-04-09,Laptop,Computadoras,Sur,Luis,6,899.99,5399.94,3186.8,2213.14,4,2,2023
2023-04-09,Mouse,Accesorios,Oeste,Carlos,2,29.99,59.98,32.42,27.56,4,2,2023
2023-04-09,Teclado,Accesorios,Sur,Pedro,14,79.99,1119.86,514.7,605.16,4,2,2023
2023-04-10,Laptop,Computadoras,Este,Carlos,4,899.99,3599.96,1515.85,2084.11,4,2,2023
2023-04-10,Mouse,Accesorios,Norte,Ana,1,29.99,29.99,16.69,13.3,4,2,2023
2023-04-10,Teclado,Accesorios,Oeste,Ana,18,79.99,1439.82,761.42,678.4,4,2,2023
2023-04-11,Laptop,Computadoras,Norte,Luis,13,899.99,11699.87,4792.7,6907.17,4,2,2023
2023-04-11,Mouse,Accesorios,Norte,María,2,29.99,59.98,28.31,31.67,4,2,2023
2023-04-11,Teclado,Accesorios,Este,Luis,9,79.99,719.91,425.73,294.18,4,2,2023
2023-04-12,Laptop,Computadoras,Sur,Luis,2,899.99,1799.98,900.13,899.85,4,2,2023
2023-04-12,Mouse,Accesorios,Sur,Luis,9,29.99,269.91,131.32,138.59,4,2,2023
2023-04-12,Teclado,Accesorios,Norte,Luis,1,79.99,79.99,39.32,40.67,4,2,2023
2023-04-13,Laptop,Computadoras,Oeste,Pedro,11,899.99,9899.89,4373.54,5526.35,4,2,2023
2023-04-13,Mouse,Accesorios,Sur,Pedro,3,29.99,89.97,42.62,47.35,4,2,2023
2023-04-13,Teclado,Accesorios,Oeste,Carlos,4,79.99,319.96,151.65,168.31,4,2,2023
2023-04-14,Laptop,Computadoras,Sur,Ana,18,899.99,16199.82,6649.56,9550.26,4,2,2023
2023-04-14,Mouse,Accesorios,Oeste,Luis,6,29.99,179.94,99.6,80.34,4,2,2023
2023-04-14,Teclado,Accesorios,Este,Carlos,3,79.99,239.97,115.98,123.99,4,2,2023
2023-04-15,Laptop,Computadoras,Oeste,Ana,11,899.99,9899.89,5587.85,4312.04,4,2,2023
2023-04-15,Mouse,Accesorios,Este,María,15,29.99,449.85,256.45,193.4,4,2,2023
2023-04-15,Teclado,Accesorios,Este,Pedro,5,79.99,399.95,176.94,223.01,4,2,2023
2023-04-16,Laptop,Computadoras,Oeste,Ana,10,899.99,8999.9,4783.18,4216.72,4,2,2023
2023-04-16,Mouse,Accesorios,Este,María,12,29.99,359.88,177.94,181.94,4,2,2023
2023-04-16,Teclado,Accesorios,Norte,Ana,15,79.99,1199.85,691.15,508.7,4,2,2023
2023-04-17,Laptop,Computadoras,Este,Pedro,17,899.99,15299.83,6780.09,8519.74,4,2,2023
2023-04-17,Mouse,Accesorios,Sur,Pedro,10,29.99,299.9,160.62,139.28,4,2,2023
2023-04-17,Teclado,Accesorios,Oeste,Carlos,6,79.99,479.94,250.31,229.63,4,2,2023
2023-04-18,Laptop,Computadoras,Norte,Luis,18,899.99,16199.82,7436.69,8763.13,4,2,2023
2023-04-18,Mouse,Accesorios,Oeste,Ana,13,29.99,389.87,166.6,223.27,4,2,2023
2023-04-18,Teclado,Accesorios,Sur,Ana,3,79.99,239.97,127.26,112.71,4,2,2023
2023-04-19,Laptop,Computadoras,Sur,María,10,899.99,8999.9,4929.42,4070.48,4,2,2023
2023-04-19,Mouse,Accesorios,Sur,Pedro,14,29.99,419.86,194.45,225.41,4,2,2023
2023-04-19,Teclado,Accesorios,Este,Ana,6,79.99,479.94,253.87,226.07,4,2,2023
2023-04-20,Laptop,Computadoras,Este,Pedro,3,899.99,2699.97,1293.36,1406.61,4,2,2023
2023-04-20,Mouse,Accesorios,Oeste,Ana,16,29.99,479.84,260.38,219.46,4,2,2023
2023-04-20,Teclado,Accesorios,Oeste,Carlos,7,79.99,559.93,246.28,313.65,4,2,2023
2023-04-21,Laptop,Computadoras,Norte,Luis,14,899.99,12599.86,7283.26,5316.6,4,2,2023
2023-04-21,Mouse,Accesorios,Norte,Ana,9,29.99,269.91,123.48,146.43,4,2,2023
2023-04-21,Teclado,Accesorios,Oeste,Pedro,15,79.99,1199.85,568.2,631.65,4,2,2023
2023-04-22,Laptop,Computadoras,Este,Carlos,3,899.99,2699.97,1111.36,1588.61,4,2,2023
2023-04-22,Mouse,Accesorios,Sur,Ana,2,29.99,59.98,25.33,34.65,4,2,2023
2023-04-22,Teclado,Accesorios,Oeste,María,2,79.99,159.98,80.5,79.48,4,2,2023
2023-04-23,Laptop,Computadoras,Norte,Luis,3,899.99,2699.97,1224.49,1475.48,4,2,2023
2023-04-23,Mouse,Accesorios,Este,Ana,18,29.99,539.82,306.13,233.69,4,2,2023
2023-04-23,Teclado,Accesorios,Oeste,Carlos,14,79.99,1119.86,451.23,668.63,4,2,2023
2023-04-24,Laptop,Computadoras,Oeste,María,18,899.99,16199.82,7708.18,8491.64,4,2,2023
2023-04-24,Mouse,Accesorios,Este,Carlos,10,29.99,299.9,140.19,159.71,4,2,2023
2023-04-24,Teclado,Accesorios,Oeste,Carlos,2,79.99,159.98,64.61,95.37,4,2,2023
2023-04-25,Laptop,Computadoras,Este,María,1,899.99,899.99,382.38,517.61,4,2,2023
2023-04-25,Mouse,Accesorios,Sur,Carlos,4,29.99,119.96,57.91,62.05,4,2,2023
2023-04-25,Teclado,Accesorios,Este,María,14,79.99,1119.86,558.33,561.53,4,2,2023
2023-04-26,Laptop,Computadoras,Este,Ana,1,899.99,899.99,432.77,467.22,4,2,2023
2023-04-26,Mouse,Accesorios,Este,María,14,29.99,419.86,212.53,207.33,4,2,2023
2023-04-26,Teclado,Accesorios,Oeste,María,16,79.99,1279.84,664.27,615.57,4,2,2023
2023-04-27,Laptop,Computadoras,Oeste,Luis,14,899.99,12599.86,5064.95,7534.91,4,2,2023
2023-04-27,Mouse,Accesorios,Este,María,3,29.99,89.97,44.34,45.63,4,2,2023
2023-04-27,Teclado,Accesorios,Oeste,María,3,79.99,239.97,142.23,97.74,4,2,2023
2023-04-28,Laptop,Computadoras,Norte,Ana,9,899.99,8099.91,4080.79,4019.12,4,2,2023
2023-04-28,Mouse,Accesorios,Norte,Luis,6,29.99,179.94,96.36,83.58,4,2,2023
2023-04-28,Teclado,Accesorios,Oeste,Pedro,13,79.99,1039.87,480.81,559.06,4,2,2023
2023-04-29,Laptop,Computadoras,Oeste,Ana,2,899.99,1799.98,998.63,801.35,4,2,2023
2023-04-29,Mouse,Accesorios,Este,Ana,8,29.99,239.92,133.06,106.86,4,2,2023
2023-04-29,Teclado,Accesorios,Sur,Pedro,2,79.99,159.98,80.67,79.31,4,2,2023
2023-04-30,Laptop,Computadoras,Oeste,María,4,899.99,3599.96,2142.71,1457.25,4,2,2023
2023-04-30,Mouse,Accesorios,Norte,Carlos,15,29.99,449.85,191.24,258.61,4,2,2023
2023-04-30,Teclado,Accesorios,Este,Luis,4,79.99,319.96,129.07,190.89,4,2,2023
2023-05-01,Laptop,Computadoras,Oeste,Carlos,13,899.99,11699.87,6482.1,5217.77,5,2,2023
2023-05-01,Mouse,Accesorios,Norte,Pedro,12,29.99,359.88,202.05,157.83,5,2,2023
2023-05-01,Teclado,Accesorios,Norte,Ana,13,79.99,1039.87,440.95,598.92,5,2,2023
2023-05-02,Laptop,Computadoras,Sur,Ana,14,899.99,12599.86,5709.21,6890.65,5,2,2023
2023-05-02,Mouse,Accesorios,Este,Luis,18,29.99,539.82,217.82,322.0,5,2,2023
2023-05-02,Teclado,Accesorios,Este,Ana,6,79.99,479.94,220.13,259.81,5,2,2023
2023-05-03,Laptop,Computadoras,Sur,Ana,11,899.99,9899.89,5490.76,4409.13,5,2,2023
2023-05-03,Mouse,Accesorios,Sur,Luis,2,29.99,59.98,30.21,29.77,5,2,2023
2023-05-03,Teclado,Accesorios,Este,Luis,19,79.99,1519.81,713.73,806.08,5,2,2023
2023-05-04,Laptop,Computadoras,Este,Pedro,19,899.99,17099.81,8111.26,8988.55,5,2,2023
2023-05-04,Mouse,Accesorios,Oeste,Ana,5,29.99,149.95,60.02,89.93,5,2,2023
2023-05-04,Teclado,Accesorios,Oeste,Ana,19,79.99,1519.81,699.05,820.76,5,2,2023
2023-05-05,Laptop,Computadoras,Sur,Pedro,2,899.99,1799.98,952.71,847.27,5,2,2023
2023-05-05,Mouse,Accesorios,Oeste,María,10,29.99,299.9,178.39,121.51,5,2,2023
2023-05-05,Teclado,Accesorios,Norte,María,2,79.99,159.98,91.09,68.89,5,2,2023
2023-05-06,Laptop,Computadoras,Oeste,María,11,899.99,9899.89,4006.67,5893.22,5,2,2023
2023-05-06,Mouse,Accesorios,Oeste,Pedro,18,29.99,539.82,312.94,226.88,5,2,2023
2023-05-06,Teclado,Accesorios,Norte,Ana,15,79.99,1199.85,667.88,531.97,5,2,2023
2023-05-07,Laptop,Computadoras,Sur,Pedro,9,899.99,8099.91,4504.16,3595.75,5,2,2023
2023-05-07,Mouse,Accesorios,Norte,Pedro,19,29.99,569.81,280.12,289.69,5,2,2023
2023-05-07,Teclado,Accesorios,Oeste,María,9,79.99,719.91,345.27,374.64,5,2,2023
2023-05-08,Laptop,Computadoras,Sur,Carlos,3,899.99,2699.97,1243.56,1456.41,5,2,2023
2023-05-08,Mouse,Accesorios,Oeste,Ana,9,29.99,269.91,111.51,158.4,5,2,2023
2023-05-08,Teclado,Accesorios,Norte,María,14,79.99,1119.86,499.06,620.8,5,2,2023
2023-05-09,Laptop,Computadoras,Norte,Carlos,19,899.99,17099.81,7683.3,9416.51,5,2,2023
2023-05-09,Mouse,Accesorios,Oeste,Carlos,7,29.99,209.93,104.3,105.63,5,2,2023
2023-05-09,Teclado,Accesorios,Este,Luis,16,79.99,1279.84,703.26,576.58,5,2,2023
2023-05-10,Laptop,Computadoras,Este,Ana,16,899.99,14399.84,7124.49,7275.35,5,2,2023
2023-05-10,Mouse,Accesorios,Norte,Carlos,1,29.99,29.99,12.34,17.65,5,2,2023
2023-05-10,Teclado,Accesorios,Norte,María,4,79.99,319.96,189.27,130.69,5,2,2023
2023-05-11,Laptop,Computadoras,Este,Luis,4,899.99,3599.96,2118.74,1481.22,5,2,2023
2023-05-11,Mouse,Accesorios,Este,Ana,7,29.99,209.93,116.94,92.99,5,2,2023
2023-05-11,Teclado,Accesorios,Oeste,Pedro,8,79.99,639.92,382.84,257.08,5,2,2023
2023-05-12,Laptop,Computadoras,Oeste,María,17,899.99,15299.83,7786.03,7513.8,5,2,2023
2023-05-12,Mouse,Accesorios,Este,Carlos,5,29.99,149.95,88.85,61.1,5,2,2023
2023-05-12,Teclado,Accesorios,Oeste,Carlos,7,79.99,559.93,232.44,327.49,5,2,2023
2023-05-13,Laptop,Computadoras,Oeste,María,4,899.99,3599.96,1703.27,1896.69,5,2,2023
2023-05-13,Mouse,Accesorios,Sur,Carlos,6,29.99,179.94,80.09,99.85,5,2,2023
2023-05-13,Teclado,Accesorios,Oeste,Luis,7,79.99,559.93,245.9,314.03,5,2,2023
2023-05-14,Laptop,Computadoras,Norte,Ana,18,899.99,16199.82,6936.12,9263.7,5,2,2023
2023-05-14,Mouse,Accesorios,Oeste,Luis,5,29.99,149.95,78.65,71.3,5,2,2023
2023-05-14,Teclado,Accesorios,Oeste,Carlos,3,79.99,239.97,133.49,106.48,5,2,2023
2023-05-15,Laptop,Computadoras,Este,Pedro,7,899.99,6299.93,3248.62,3051.31,5,2,2023
2023-05-15,Mouse,Accesorios,Norte,Ana,14,29.99,419.86,180.28,239.58,5,2,2023
2023-05-15,Teclado,Accesorios,Oeste,Ana,7,79.99,559.93,314.81,245.12,5,2,2023
2023-05-16,Laptop,Computadoras,Oeste,María,5,899.99,4499.95,2372.33,2127.62,5,2,2023
2023-05-16,Mouse,Accesorios,Sur,María,5,29.99,149.95,71.62,78.33,5,2,2023
2023-05-16,Teclado,Accesorios,Oeste,Pedro,2,79.99,159.98,85.56,74.42,5,2,2023
2023-05-17,Laptop,Computadoras,Oeste,Ana,6,899.99,5399.94,2440.67,2959.27,5,2,2023
2023-05-17,Mouse,Accesorios,Sur,Pedro,15,29.99,449.85,211.0,238.85,5,2,2023
2023-05-17,Teclado,Accesorios,Este,María,10,79.99,799.9,466.74,333.16,5,2,2023
2023-05-18,Laptop,Computadoras,Oeste,María,7,899.99,6299.93,2886.0,3413.93,5,2,2023
2023-05-18,Mouse,Accesorios,Sur,Ana,5,29.99,149.95,74.07,75.88,5,2,2023
2023-05-18,Teclado,Accesorios,Norte,Luis,1,79.99,79.99,46.24,33.75,5,2,2023
2023-05-19,Laptop,Computadoras,Este,Carlos,13,899.99,11699.87,6336.0,5363.87,5,2,2023
2023-05-19,Mouse,Accesorios,Norte,María,18,29.99,539.82,222.64,317.18,5,2,2023
2023-05-19,Teclado,Accesorios,Norte,María,13,79.99,1039.87,446.58,593.29,5,2,2023
2023-05-20,Laptop,Computadoras,Sur,Luis,18,899.99,16199.82,6505.33,9694.49,5,2,2023
2023-05-20,Mouse,Accesorios,Oeste,Luis,5,29.99,149.95,78.9,71.05,5,2,2023
2023-05-20,Teclado,Accesorios,Sur,Pedro,13,79.99,1039.87,509.05,530.82,5,2,2023
2023-05-21,Laptop,Computadoras,Sur,Pedro,4,899.99,3599.96,1536.66,2063.3,5,2,2023
2023-05-21,Mouse,Accesorios,Sur,Carlos,17,29.99,509.83,301.61,208.22,5,2,2023
2023-05-21,Teclado,Accesorios,Sur,Carlos,3,79.99,239.97,121.41,118.56,5,2,2023
2023-05-22,Laptop,Computadoras,Este,Ana,17,899.99,15299.83,6860.12,8439.71,5,2,2023
2023-05-22,Mouse,Accesorios,Oeste,Pedro,11,29.99,329.89,164.98,164.91,5,2,2023
2023-05-22,Teclado,Accesorios,Norte,María,4,79.99,319.96,171.47,148.49,5,2,2023
2023-05-23,Laptop,Computadoras,Norte,Pedro,2,899.99,1799.98,747.44,1052.54,5,2,2023
2023-05-23,Mouse,Accesorios,Oeste,María,16,29.99,479.84,218.3,261.54,5,2,2023
2023-05-23,Teclado,Accesorios,Norte,Luis,18,79.99,1439.82,808.31,631.51,5,2,2023
2023-05-24,Laptop,Computadoras,Oeste,Pedro,8,899.99,7199.92,3541.88,3658.04,5,2,2023
2023-05-24,Mouse,Accesorios,Norte,Luis,3,29.99,89.97,45.82,44.15,5,2,2023
2023-05-24,Teclado,Accesorios,Sur,Carlos,9,79.99,719.91,350.28,369.63,5,2,2023
2023-05-25,Laptop,Computadoras,Norte,Carlos,6,899.99,5399.94,2207.39,3192.55,5,2,2023
2023-05-25,Mouse,Accesorios,Oeste,Ana,10,29.99,299.9,129.9,170.0,5,2,2023
2023-05-25,Teclado,Accesorios,Oeste,Pedro,10,79.99,799.9,391.24,408.66,5,2,2023
2023-05-26,Laptop,Computadoras,Oeste,Luis,13,899.99,11699.87,5169.44,6530.43,5,2,2023
2023-05-26,Mouse,Accesorios,Oeste,María,17,29.99,509.83,209.03,300.8,5,2,2023
2023-05-26,Teclado,Accesorios,Oeste,Carlos,9,79.99,719.91,409.43,310.48,5,2,2023
2023-05-27,Laptop,Computadoras,Este,Carlos,17,899.99,15299.83,9122.35,6177.48,5,2,2023
2023-05-27,Mouse,Accesorios,Este,María,9,29.99,269.91,150.78,119.13,5,2,2023
2023-05-27,Teclado,Accesorios,Norte,Luis,9,79.99,719.91,410.89,309.02,5,2,2023
2023-05-28,Laptop,Computadoras,Oeste,Luis,1,899.99,899.99,403.55,496.44,5,2,2023
2023-05-28,Mouse,Accesorios,Norte,Pedro,2,29.99,59.98,35.52,24.46,5,2,2023
2023-05-28,Teclado,Accesorios,Oeste,Pedro,16,79.99,1279.84,562.34,717.5,5,2,2023
2023-05-29,Laptop,Computadoras,Oeste,Ana,1,899.99,899.99,531.25,368.74,5,2,2023
2023-05-29,Mouse,Accesorios,Este,Carlos,10,29.99,299.9,179.63,120.27,5,2,2023
2023-05-29,Teclado,Accesorios,Este,Pedro,18,79.99,1439.82,780.88,658.94,5,2,2023
2023-05-30,Laptop,Computadoras,Sur,Luis,8,899.99,7199.92,4292.8,2907.12,5,2,2023
2023-05-30,Mouse,Accesorios,Este,María,11,29.99,329.89,169.53,160.36,5,2,2023
2023-05-30,Teclado,Accesorios,Sur,Luis,2,79.99,159.98,72.3,87.68,5,2,2023
2023-05-31,Laptop,Computadoras,Sur,Carlos,8,899.99,7199.92,3509.24,3690.68,5,2,2023
2023-05-31,Mouse,Accesorios,Sur,Luis,8,29.99,239.92,124.45,115.47,5,2,2023
2023-05-31,Teclado,Accesorios,Sur,Ana,17,79.99,1359.83,563.81,796.02,5,2,2023
2023-06-01,Laptop,Computadoras,Sur,Carlos,15,899.99,13499.85,7080.25,6419.6,6,2,2023
2023-06-01,Mouse,Accesorios,Norte,María,17,29.99,509.83,303.98,205.85,6,2,2023
2023-06-01,Teclado,Accesorios,Este,Ana,13,79.99,1039.87,455.49,584.38,6,2,2023
2023-06-02,Laptop,Computadoras,Sur,Carlos,19,899.99,17099.81,9550.57,7549.24,6,2,2023
2023-06-02,Mouse,Accesorios,Oeste,María,5,29.99,149.95,87.21,62.74,6,2,2023
2023-06-02,Teclado,Accesorios,Este,Ana,12,79.99,959.88,565.12,394.76,6,2,2023
2023-06-03,Laptop,Computadoras,Este,Ana,1,899.99,899.99,532.82,367.17,6,2,2023
2023-06-03,Mouse,Accesorios,Sur,Carlos,5,29.99,149.95,75.62,74.33,6,2,2023
2023-06-03,Teclado,Accesorios,Norte,Pedro,8,79.99,639.92,381.05,258.87,6,2,2023
2023-06-04,Laptop,Computadoras,Sur,Ana,13,899.99,11699.87,6452.03,5247.84,6,2,2023
2023-06-04,Mouse,Accesorios,Norte,Ana,8,29.99,239.92,103.73,136.19,6,2,2023
2023-06-04,Teclado,Accesorios,Oeste,María,11,79.99,879.89,435.88,444.01,6,2,2023
2023-06-05,Laptop,Computadoras,Este,Luis,1,899.99,899.99,489.29,410.7,6,2,2023
2023-06-05,Mouse,Accesorios,Oeste,Carlos,13,29.99,389.87,175.23,214.64,6,2,2023
2023-06-05,Teclado,Accesorios,Norte,Carlos,19,79.99,1519.81,802.65,717.16,6,2,2023
2023-06-06,Laptop,Computadoras,Norte,Pedro,3,899.99,2699.97,1439.95,1260.02,6,2,2023
2023-06-06,Mouse,Accesorios,Oeste,Pedro,17,29.99,509.83,220.52,289.31,6,2,2023
2023-06-06,Teclado,Accesorios,Norte,Carlos,5,79.99,399.95,205.18,194.77,6,2,2023
2023-06-07,Laptop,Computadoras,Oeste,Pedro,8,899.99,7199.92,3991.1,3208.82,6,2,2023
2023-06-07,Mouse,Accesorios,Este,María,14,29.99,419.86,209.84,210.02,6,2,2023
2023-06-07,Teclado,Accesorios,Oeste,Carlos,4,79.99,319.96,128.76,191.2,6,2,2023
2023-06-08,Laptop,Computadoras,Este,Pedro,11,899.99,9899.89,3977.85,5922.04,6,2,2023
2023-06-08,Mouse,Accesorios,Oeste,Carlos,15,29.99,449.85,212.06,237.79,6,2,2023
2023-06-08,Teclado,Accesorios,Norte,Luis,19,79.99,1519.81,889.45,630.36,6,2,2023
2023-06-09,Laptop,Computadoras,Oeste,Ana,7,899.99,6299.93,2808.1,3491.83,6,2,2023
2023-06-09,Mouse,Accesorios,Norte,Carlos,19,29.99,569.81,300.22,269.59,6,2,2023
2023-06-09,Teclado,Accesorios,Oeste,Ana,19,79.99,1519.81,675.43,844.38,6,2,2023
2023-06-10,Laptop,Computadoras,Oeste,Pedro,11,899.99,9899.89,4596.86,5303.03,6,2,2023
2023-06-10,Mouse,Accesorios,Sur,Ana,5,29.99,149.95,85.41,64.54,6,2,2023
2023-06-10,Teclado,Accesorios,Norte,Carlos,5,79.99,399.95,218.28,181.67,6,2,2023
2023-06-11,Laptop,Computadoras,Sur,Luis,8,899.99,7199.92,3017.34,4182.58,6,2,2023
2023-06-11,Mouse,Accesorios,Norte,Pedro,10,29.99,299.9,145.67,154.23,6,2,2023
2023-06-11,Teclado,Accesorios,Sur,Carlos,6,79.99,479.94,194.78,285.16,6,2,2023
2023-06-12,Laptop,Computadoras,Este,Pedro,15,899.99,13499.85,6698.33,6801.52,6,2,2023
2023-06-12,Mouse,Accesorios,Oeste,María,16,29.99,479.84,255.51,224.33,6,2,2023
2023-06-12,Teclado,Accesorios,Norte,Ana,17,79.99,1359.83,576.16,783.67,6,2,2023
2023-06-13,Laptop,Computadoras,Norte,María,8,899.99,7199.92,3295.96,3903.96,6,2,2023
2023-06-13,Mouse,Accesorios,Oeste,Carlos,8,29.99,239.92,115.06,124.86,6,2,2023
2023-06-13,Teclado,Accesorios,Norte,Luis,9,79.99,719.91,420.36,299.55,6,2,2023
2023-06-14,Laptop,Computadoras,Norte,Pedro,2,899.99,1799.98,1077.56,722.42,6,2,2023
2023-06-14,Mouse,Accesorios,Sur,Ana,15,29.99,449.85,183.98,265.87,6,2,2023
2023-06-14,Teclado,Accesorios,Norte,Pedro,18,79.99,1439.82,795.07,644.75,6,2,2023
2023-06-15,Laptop,Computadoras,Este,Carlos,3,899.99,2699.97,1280.72,1419.25,6,2,2023
2023-06-15,Mouse,Accesorios,Este,Pedro,17,29.99,509.83,243.95,265.88,6,2,2023
2023-06-15,Teclado,Accesorios,Oeste,Ana,4,79.99,319.96,176.25,143.71,6,2,2023
2023-06-16,Laptop,Computadoras,Norte,Carlos,4,899.99,3599.96,2101.24,1498.72,6,2,2023
2023-06-16,Mouse,Accesorios,Oeste,Pedro,14,29.99,419.86,247.8,172.06,6,2,2023
2023-06-16,Teclado,Accesorios,Este,Luis,9,79.99,719.91,371.06,348.85,6,2,2023
2023-06-17,Laptop,Computadoras,Norte,Carlos,9,899.99,8099.91,3818.49,4281.42,6,2,2023
2023-06-17,Mouse,Accesorios,Norte,Carlos,18,29.99,539.82,300.95,238.87,6,2,2023
2023-06-17,Teclado,Accesorios,Oeste,Luis,10,79.99,799.9,360.12,439.78,6,2,2023
2023-06-18,Laptop,Computadoras,Este,María,4,899.99,3599.96,1846.11,1753.85,6,2,2023
2023-06-18,Mouse,Accesorios,Norte,Ana,12,29.99,359.88,169.76,190.12,6,2,2023
2023-06-18,Teclado,Accesorios,Oeste,María,8,79.99,639.92,340.01,299.91,6,2,2023
2023-06-19,Laptop,Computadoras,Este,Pedro,2,899.99,1799.98,806.53,993.45,6,2,2023
2023-06-19,Mouse,Accesorios,Oeste,Luis,13,29.99,389.87,170.89,218.98,6,2,2023
2023-06-19,Teclado,Accesorios,Sur,María,16,79.99,1279.84,746.98,532.86,6,2,2023
2023-06-20,Laptop,Computadoras,Norte,Carlos,2,899.99,1799.98,756.64,1043.34,6,2,2023
2023-06-20,Mouse,Accesorios,Sur,Pedro,11,29.99,329.89,165.34,164.55,6,2,2023
2023-06-20,Teclado,Accesorios,Este,Pedro,10,79.99,799.9,355.29,444.61,6,2,2023
2023-06-21,Laptop,Computadoras,Sur,María,15,899.99,13499.85,5505.05,7994.8,6,2,2023
2023-06-21,Mouse,Accesorios,Sur,María,17,29.99,509.83,207.6,302.23,6,2,2023
2023-06-21,Teclado,Accesorios,Este,Luis,8,79.99,639.92,278.39,361.53,6,2,2023
2023-06-22,Laptop,Computadoras,Oeste,Ana,18,899.99,16199.82,9288.23,6911.59,6,2,2023
2023-06-22,Mouse,Accesorios,Sur,María,9,29.99,269.91,123.21,146.7,6,2,2023
2023-06-22,Teclado,Accesorios,Oeste,María,8,79.99,639.92,377.61,262.31,6,2,2023
2023-06-23,Laptop,Computadoras,Sur,Carlos,14,899.99,12599.86,6505.62,6094.24,6,2,2023
2023-06-23,Mouse,Accesorios,Oeste,Pedro,18,29.99,539.82,263.07,276.75,6,2,2023
2023-06-23,Teclado,Accesorios,Este,Ana,12,79.99,959.88,495.32,464.56,6,2,2023
2023-06-24,Laptop,Computadoras,Sur,Carlos,19,899.99,17099.81,8607.01,8492.8,6,2,2023
2023-06-24,Mouse,Accesorios,Este,Luis,14,29.99,419.86,231.66,188.2,6,2,2023
2023-06-24,Teclado,Accesorios,Sur,Luis,17,79.99,1359.83,620.76,739.07,6,2,2023
2023-06-25,Laptop,Computadoras,Este,María,3,899.99,2699.97,1270.63,1429.34,6,2,2023
2023-06-25,Mouse,Accesorios,Este,María,7,29.99,209.93,121.51,88.42,6,2,2023
2023-06-25,Teclado,Accesorios,Sur,Luis,17,79.99,1359.83,801.34,558.49,6,2,2023
2023-06-26,Laptop,Computadoras,Sur,María,12,899.99,10799.88,6247.86,4552.02,6,2,2023
2023-06-26,Mouse,Accesorios,Sur,Ana,9,29.99,269.91,130.61,139.3,6,2,2023
2023-06-26,Teclado,Accesorios,Norte,María,15,79.99,1199.85,667.2,532.65,6,2,2023
2023-06-27,Laptop,Computadoras,Oeste,Pedro,18,899.99,16199.82,8023.24,8176.58,6,2,2023
2023-06-27,Mouse,Accesorios,Norte,María,13,29.99,389.87,194.74,195.13,6,2,2023
2023-06-27,Teclado,Accesorios,Norte,Carlos,8,79.99,639.92,282.16,357.76,6,2,2023
2023-06-28,Laptop,Computadoras,Este,Ana,14,899.99,12599.86,6529.58,6070.28,6,2,2023
2023-06-28,Mouse,Accesorios,Sur,Carlos,8,29.99,239.92,104.9,135.02,6,2,2023
2023-06-28,Teclado,Accesorios,Oeste,Carlos,14,79.99,1119.86,522.21,597.65,6,2,2023
2023-06-29,Laptop,Computadoras,Este,Pedro,7,899.99,6299.93,3597.3,2702.63,6,2,2023
2023-06-29,Mouse,Accesorios,Norte,Ana,12,29.99,359.88,158.86,201.02,6,2,2023
2023-06-29,Teclado,Accesorios,Sur,Ana,11,79.99,879.89,364.48,515.41,6,2,2023
2023-06-30,Laptop,Computadoras,Este,Ana,11,899.99,9899.89,4096.59,5803.3,6,2,2023
2023-06-30,Mouse,Accesorios,Sur,Ana,13,29.99,389.87,229.3,160.57,6,2,2023
2023-06-30,Teclado,Accesorios,Este,Ana,18,79.99,1439.82,721.9,717.92,6,2,2023
2023-07-01,Laptop,Computadoras,Sur,Pedro,2,899.99,1799.98,867.38,932.6,7,3,2023
2023-07-01,Mouse,Accesorios,Norte,María,15,29.99,449.85,252.89,196.96,7,3,2023
2023-07-01,Teclado,Accesorios,Oeste,Carlos,18,79.99,1439.82,816.62,623.2,7,3,2023
2023-07-02,Laptop,Computadoras,Norte,Ana,15,899.99,13499.85,6296.85,7203.0,7,3,2023
2023-07-02,Mouse,Accesorios,Oeste,María,19,29.99,569.81,306.97,262.84,7,3,2023
2023-07-02,Teclado,Accesorios,Sur,María,12,79.99,959.88,531.99,427.89,7,3,2023
2023-07-03,Laptop,Computadoras,Este,Carlos,13,899.99,11699.87,6211.81,5488.06,7,3,2023
2023-07-03,Mouse,Accesorios,Norte,Pedro,11,29.99,329.89,141.96,187.93,7,3,2023
2023-07-03,Teclado,Accesorios,Oeste,Luis,5,79.99,399.95,230.04,169.91,7,3,2023
2023-07-04,Laptop,Computadoras,Norte,Luis,1,899.99,899.99,457.03,442.96,7,3,2023
2023-07-04,Mouse,Accesorios,Oeste,María,3,29.99,89.97,41.07,48.9,7,3,2023
2023-07-04,Teclado,Accesorios,Norte,Carlos,19,79.99,1519.81,737.18,782.63,7,3,2023
2023-07-05,Laptop,Computadoras,Oeste,Luis,7,899.99,6299.93,2567.31,3732.62,7,3,2023
2023-07-05,Mouse,Accesorios,Oeste,María,12,29.99,359.88,153.16,206.72,7,3,2023
2023-07-05,Teclado,Accesorios,Sur,Pedro,15,79.99,1199.85,663.65,536.2,7,3,2023
2023-07-06,Laptop,Computadoras,Oeste,Luis,5,899.99,4499.95,1799.99,2699.96,7,3,2023
2023-07-06,Mouse,Accesorios,Sur,María,15,29.99,449.85,217.42,232.43,7,3,2023
2023-07-06,Teclado,Accesorios,Oeste,María,8,79.99,639.92,322.84,317.08,7,3,2023
2023-07-07,Laptop,Computadoras,Este,Ana,10,899.99,8999.9,3698.3,5301.6,7,3,2023
2023-07-07,Mouse,Accesorios,Este,Pedro,16,29.99,479.84,285.32,194.52,7,3,2023
2023-07-07,Teclado,Accesorios,Este,Ana,8,79.99,639.92,284.91,355.01,7,3,2023
2023-07-08,Laptop,Computadoras,Oeste,Carlos,1,899.99,899.99,414.75,485.24,7,3,2023
2023-07-08,Mouse,Accesorios,Sur,Ana,12,29.99,359.88,165.83,194.05,7,3,2023
2023-07-08,Teclado,Accesorios,Sur,Ana,5,79.99,399.95,178.41,221.54,7,3,2023
2023-07-09,Laptop,Computadoras,Oeste,Luis,3,899.99,2699.97,1080.78,1619.19,7,3,2023
2023-07-09,Mouse,Accesorios,Este,María,1,29.99,29.99,16.37,13.62,7,3,2023
2023-07-09,Teclado,Accesorios,Este,Pedro,4,79.99,319.96,189.85,130.11,7,3,2023
2023-07-10,Laptop,Computadoras,Sur,Ana,8,899.99,7199.92,3202.95,3996.97,7,3,2023
2023-07-10,Mouse,Accesorios,Este,Pedro,3,29.99,89.97,47.92,42.05,7,3,2023
2023-07-10,Teclado,Accesorios,Norte,Ana,10,79.99,799.9,438.65,361.25,7,3,2023
2023-07-11,Laptop,Computadoras,Sur,Carlos,2,899.99,1799.98,1025.42,774.56,7,3,2023
2023-07-11,Mouse,Accesorios,Este,Ana,11,29.99,329.89,159.84,170.05,7,3,2023
2023-07-11,Teclado,Accesorios,Sur,Luis,10,79.99,799.9,368.42,431.48,7,3,2023
2023-07-12,Laptop,Computadoras,Norte,María,14,899.99,12599.86,5859.68,6740.18,7,3,2023
2023-07-12,Mouse,Accesorios,Sur,Carlos,7,29.99,209.93,113.89,96.04,7,3,2023
2023-07-12,Teclado,Accesorios,Sur,Ana,2,79.99,159.98,90.13,69.85,7,3,2023
2023-07-13,Laptop,Computadoras,Sur,Pedro,9,899.99,8099.91,3534.18,4565.73,7,3,2023
2023-07-13,Mouse,Accesorios,Sur,Carlos,16,29.99,479.84,227.53,252.31,7,3,2023
2023-07-13,Teclado,Accesorios,Norte,Carlos,13,79.99,1039.87,603.53,436.34,7,3,2023
2023-07-14,Laptop,Computadoras,Oeste,Ana,9,899.99,8099.91,4546.79,3553.12,7,3,2023
2023-07-14,Mouse,Accesorios,Sur,Carlos,4,29.99,119.96,71.61,48.35,7,3,2023
2023-07-14,Teclado,Accesorios,Sur,Pedro,10,79.99,799.9,440.62,359.28,7,3,2023
2023-07-15,Laptop,Computadoras,Este,Carlos,12,899.99,10799.88,5169.24,5630.64,7,3,2023
2023-07-15,Mouse,Accesorios,Sur,Pedro,17,29.99,509.83,264.16,245.67,7,3,2023
2023-07-15,Teclado,Accesorios,Este,Ana,14,79.99,1119.86,595.99,523.87,7,3,2023
2023-07-16,Laptop,Computadoras,Oeste,María,14,899.99,12599.86,5237.65,7362.21,7,3,2023
2023-07-16,Mouse,Accesorios,Norte,Carlos,2,29.99,59.98,30.52,29.46,7,3,2023
2023-07-16,Teclado,Accesorios,Norte,María,11,79.99,879.89,476.78,403.11,7,3,2023
2023-07-17,Laptop,Computadoras,Oeste,Pedro,16,899.99,14399.84,6241.82,8158.02,7,3,2023
2023-07-17,Mouse,Accesorios,Norte,Carlos,19,29.99,569.81,316.89,252.92,7,3,2023
2023-07-17,Teclado,Accesorios,Oeste,Luis,6,79.99,479.94,248.01,231.93,7,3,2023
2023-07-18,Laptop,Computadoras,Oeste,María,19,899.99,17099.81,10096.49,7003.32,7,3,2023
2023-07-18,Mouse,Accesorios,Oeste,Carlos,5,29.99,149.95,61.25,88.7,7,3,2023
2023-07-18,Teclado,Accesorios,Norte,María,4,79.99,319.96,144.96,175.0,7,3,2023
2023-07-19,Laptop,Computadoras,Este,Carlos,15,899.99,13499.85,7024.12,6475.73,7,3,2023
2023-07-19,Mouse,Accesorios,Oeste,Ana,4,29.99,119.96,55.1,64.86,7,3,2023
2023-07-19,Teclado,Accesorios,Sur,María,10,79.99,799.9,434.25,365.65,7,3,2023
2023-07-20,Laptop,Computadoras,Norte,Luis,3,899.99,2699.97,1489.85,1210.12,7,3,2023
2023-07-20,Mouse,Accesorios,Oeste,Luis,5,29.99,149.95,63.05,86.9,7,3,2023
2023-07-20,Teclado,Accesorios,Oeste,Pedro,6,79.99,479.94,241.3,238.64,7,3,2023
2023-07-21,Laptop,Computadoras,Sur,Carlos,8,899.99,7199.92,3612.76,3587.16,7,3,2023
2023-07-21,Mouse,Accesorios,Este,María,7,29.99,209.93,99.48,110.45,7,3,2023
2023-07-21,Teclado,Accesorios,Este,Pedro,10,79.99,799.9,469.21,330.69,7,3,2023
2023-07-22,Laptop,Computadoras,Este,María,6,899.99,5399.94,3053.67,2346.27,7,3,2023
2023-07-22,Mouse,Accesorios,Oeste,Carlos,14,29.99,419.86,226.49,193.37,7,3,2023
2023-07-22,Teclado,Accesorios,Oeste,Luis,4,79.99,319.96,173.7,146.26,7,3,2023
2023-07-23,Laptop,Computadoras,Oeste,Ana,13,899.99,11699.87,5760.35,5939.52,7,3,2023
2023-07-23,Mouse,Accesorios,Norte,Luis,17,29.99,509.83,297.84,211.99,7,3,2023
2023-07-23,Teclado,Accesorios,Sur,Pedro,7,79.99,559.93,301.76,258.17,7,3,2023
2023-07-24,Laptop,Computadoras,Oeste,Ana,4,899.99,3599.96,1964.84,1635.12,7,3,2023
2023-07-24,Mouse,Accesorios,Sur,Pedro,14,29.99,419.86,240.3,179.56,7,3,2023
2023-07-24,Teclado,Accesorios,Sur,Carlos,3,79.99,239.97,109.14,130.83,7,3,2023
2023-07-25,Laptop,Computadoras,Este,Ana,5,899.99,4499.95,2526.34,1973.61,7,3,2023
2023-07-25,Mouse,Accesorios,Norte,Pedro,16,29.99,479.84,210.67,269.17,7,3,2023
2023-07-25,Teclado,Accesorios,Oeste,Carlos,4,79.99,319.96,150.08,169.88,7,3,2023
2023-07-26,Laptop,Computadoras,Este,Luis,2,899.99,1799.98,840.81,959.17,7,3,2023
2023-07-26,Mouse,Accesorios,Este,Carlos,18,29.99,539.82,321.57,218.25,7,3,2023
2023-07-26,Teclado,Accesorios,Oeste,María,19,79.99,1519.81,868.28,651.53,7,3,2023
2023-07-27,Laptop,Computadoras,Sur,Carlos,19,899.99,17099.81,9237.9,7861.91,7,3,2023
2023-07-27,Mouse,Accesorios,Este,Carlos,17,29.99,509.83,278.07,231.76,7,3,2023
2023-07-27,Teclado,Accesorios,Sur,María,14,79.99,1119.86,573.83,546.03,7,3,2023
2023-07-28,Laptop,Computadoras,Norte,Pedro,19,899.99,17099.81,10078.94,7020.87,7,3,2023
2023-07-28,Mouse,Accesorios,Sur,Pedro,13,29.99,389.87,194.64,195.23,7,3,2023
2023-07-28,Teclado,Accesorios,Norte,Carlos,12,79.99,959.88,457.0,502.88,7,3,2023
2023-07-29,Laptop,Computadoras,Sur,María,6,899.99,5399.94,2336.05,3063.89,7,3,2023
2023-07-29,Mouse,Accesorios,Este,María,4,29.99,119.96,66.85,53.11,7,3,2023
2023-07-29,Teclado,Accesorios,Este,Luis,19,79.99,1519.81,831.17,688.64,7,3,2023
2023-07-30,Laptop,Computadoras,Norte,Pedro,16,899.99,14399.84,6866.87,7532.97,7,3,2023
2023-07-30,Mouse,Accesorios,Oeste,Ana,13,29.99,389.87,157.91,231.96,7,3,2023
2023-07-30,Teclado,Accesorios,Norte,Pedro,4,79.99,319.96,181.67,138.29,7,3,2023
2023-07-31,Laptop,Computadoras,Norte,Pedro,17,899.99,15299.83,6154.87,9144.96,7,3,2023
2023-07-31,Mouse,Accesorios,Sur,Luis,1,29.99,29.99,16.22,13.77,7,3,2023
2023-07-31,Teclado,Accesorios,Sur,Ana,18,79.99,1439.82,855.33,584.49,7,3,2023
2023-08-01,Laptop,Computadoras,Norte,Luis,17,899.99,15299.83,7459.16,7840.67,8,3,2023
2023-08-01,Mouse,Accesorios,Este,Ana,15,29.99,449.85,201.08,248.77,8,3,2023
2023-08-01,Teclado,Accesorios,Sur,Carlos,11,79.99,879.89,476.0,403.89,8,3,2023
2023-08-02,Laptop,Computadoras,Oeste,Ana,13,899.99,11699.87,6592.01,5107.86,8,3,2023
2023-08-02,Mouse,Accesorios,Sur,Luis,1,29.99,29.99,15.27,14.72,8,3,2023
2023-08-02,Teclado,Accesorios,Sur,Pedro,17,79.99,1359.83,806.93,552.9,8,3,2023
2023-08-03,Laptop,Computadoras,Oeste,Ana,6,899.99,5399.94,2215.78,3184.16,8,3,2023
2023-08-03,Mouse,Accesorios,Norte,Ana,4,29.99,119.96,60.1,59.86,8,3,2023
2023-08-03,Teclado,Accesorios,Oeste,María,16,79.99,1279.84,695.84,584.0,8,3,2023
2023-08-04,Laptop,Computadoras,Norte,Pedro,15,899.99,13499.85,7729.04,5770.81,8,3,2023
2023-08-04,Mouse,Accesorios,Norte,Carlos,15,29.99,449.85,196.07,253.78,8,3,2023
2023-08-04,Teclado,Accesorios,Norte,Luis,6,79.99,479.94,268.77,211.17,8,3,2023
2023-08-05,Laptop,Computadoras,Oeste,Carlos,15,899.99,13499.85,6892.23,6607.62,8,3,2023
2023-08-05,Mouse,Accesorios,Norte,Pedro,14,29.99,419.86,201.24,218.62,8,3,2023
2023-08-05,Teclado,Accesorios,Este,Ana,11,79.99,879.89,375.13,504.76,8,3,2023
2023-08-06,Laptop,Computadoras,Oeste,Ana,7,899.99,6299.93,3610.23,2689.7,8,3,2023
2023-08-06,Mouse,Accesorios,Este,Pedro,9,29.99,269.91,116.45,153.46,8,3,2023
2023-08-06,Teclado,Accesorios,Norte,Ana,16,79.99,1279.84,591.23,688.61,8,3,2023
2023-08-07,Laptop,Computadoras,Sur,Ana,5,899.99,4499.95,2061.02,2438.93,8,3,2023
2023-08-07,Mouse,Accesorios,Norte,Ana,10,29.99,299.9,172.23,127.67,8,3,2023
2023-08-07,Teclado,Accesorios,Este,Luis,18,79.99,1439.82,769.64,670.18,8,3,2023
2023-08-08,Laptop,Computadoras,Este,Luis,3,899.99,2699.97,1510.19,1189.78,8,3,2023
2023-08-08,Mouse,Accesorios,Oeste,María,13,29.99,389.87,175.48,214.39,8,3,2023
2023-08-08,Teclado,Accesorios,Sur,Carlos,11,79.99,879.89,461.92,417.97,8,3,2023
2023-08-09,Laptop,Computadoras,Oeste,Pedro,17,899.99,15299.83,7869.46,7430.37,8,3,2023
2023-08-09,Mouse,Accesorios,Este,Pedro,13,29.99,389.87,220.89,168.98,8,3,2023
2023-08-09,Teclado,Accesorios,Norte,Pedro,6,79.99,479.94,278.95,200.99,8,3,2023
2023-08-10,Laptop,Computadoras,Sur,María,17,899.99,15299.83,6157.13,9142.7,8,3,2023
2023-08-10,Mouse,Accesorios,Norte,Luis,13,29.99,389.87,208.5,181.37,8,3,2023
2023-08-10,Teclado,Accesorios,Norte,María,19,79.99,1519.81,623.68,896.13,8,3,2023
2023-08-11,Laptop,Computadoras,Sur,Pedro,19,899.99,17099.81,8717.0,8382.81,8,3,2023
2023-08-11,Mouse,Accesorios,Oeste,Carlos,10,29.99,299.9,137.21,162.69,8,3,2023
2023-08-11,Teclado,Accesorios,Norte,Ana,3,79.99,239.97,110.71,129.26,8,3,2023
2023-08-12,Laptop,Computadoras,Este,Luis,14,899.99,12599.86,5929.39,6670.47,8,3,2023
2023-08-12,Mouse,Accesorios,Norte,Luis,19,29.99,569.81,298.73,271.08,8,3,2023
2023-08-12,Teclado,Accesorios,Sur,María,5,79.99,399.95,186.7,213.25,8,3,2023
2023-08-13,Laptop,Computadoras,Sur,Luis,5,899.99,4499.95,2459.4,2040.55,8,3,2023
2023-08-13,Mouse,Accesorios,Sur,Pedro,17,29.99,509.83,245.18,264.65,8,3,2023
2023-08-13,Teclado,Accesorios,Oeste,Pedro,10,79.99,799.9,330.9,469.0,8,3,2023
2023-08-14,Laptop,Computadoras,Norte,María,5,899.99,4499.95,2505.36,1994.59,8,3,2023
2023-08-14,Mouse,Accesorios,Oeste,Pedro,4,29.99,119.96,54.84,65.12,8,3,2023
2023-08-14,Teclado,Accesorios,Oeste,Carlos,6,79.99,479.94,233.52,246.42,8,3,2023
2023-08-15,Laptop,Computadoras,Sur,María,4,899.99,3599.96,1933.5,1666.46,8,3,2023
2023-08-15,Mouse,Accesorios,Sur,Carlos,7,29.99,209.93,97.93,112.0,8,3,2023
2023-08-15,Teclado,Accesorios,Oeste,Ana,7,79.99,559.93,230.31,329.62,8,3,2023
2023-08-16,Laptop,Computadoras,Norte,Carlos,18,899.99,16199.82,7691.42,8508.4,8,3,2023
2023-08-16,Mouse,Accesorios,Este,Ana,3,29.99,89.97,52.98,36.99,8,3,2023
2023-08-16,Teclado,Accesorios,Oeste,Ana,1,79.99,79.99,42.26,37.73,8,3,2023
2023-08-17,Laptop,Computadoras,Norte,Carlos,4,899.99,3599.96,1923.44,1676.52,8,3,2023
2023-08-17,Mouse,Accesorios,Sur,María,6,29.99,179.94,94.73,85.21,8,3,2023
2023-08-17,Teclado,Accesorios,Sur,Pedro,9,79.99,719.91,316.62,403.29,8,3,2023
2023-08-18,Laptop,Computadoras,Norte,Pedro,14,899.99,12599.86,6094.13,6505.73,8,3,2023
2023-08-18,Mouse,Accesorios,Este,Ana,12,29.99,359.88,198.0,161.88,8,3,2023
2023-08-18,Teclado,Accesorios,Sur,Ana,4,79.99,319.96,134.47,185.49,8,3,2023
2023-08-19,Laptop,Computadoras,Sur,María,12,899.99,10799.88,4920.11,5879.77,8,3,2023
2023-08-19,Mouse,Accesorios,Sur,Luis,10,29.99,299.9,136.53,163.37,8,3,2023
2023-08-19,Teclado,Accesorios,Norte,Carlos,7,79.99,559.93,272.35,287.58,8,3,2023
2023-08-20,Laptop,Computadoras,Oeste,Ana,3,899.99,2699.97,1609.38,1090.59,8,3,2023
2023-08-20,Mouse,Accesorios,Sur,Pedro,14,29.99,419.86,173.61,246.25,8,3,2023
2023-08-20,Teclado,Accesorios,Oeste,María,10,79.99,799.9,402.94,396.96,8,3,2023
2023-08-21,Laptop,Computadoras,Este,Carlos,16,899.99,14399.84,6276.5,8123.34,8,3,2023
2023-08-21,Mouse,Accesorios,Sur,María,16,29.99,479.84,285.09,194.75,8,3,2023
2023-08-21,Teclado,Accesorios,Sur,Carlos,10,79.99,799.9,338.09,461.81,8,3,2023
2023-08-22,Laptop,Computadoras,Este,Carlos,13,899.99,11699.87,5624.36,6075.51,8,3,2023
2023-08-22,Mouse,Accesorios,Sur,Ana,6,29.99,179.94,98.53,81.41,8,3,2023
2023-08-22,Teclado,Accesorios,Oeste,María,12,79.99,959.88,519.21,440.67,8,3,2023
2023-08-23,Laptop,Computadoras,Norte,María,9,899.99,8099.91,3924.78,4175.13,8,3,2023
2023-08-23,Mouse,Accesorios,Oeste,Pedro,13,29.99,389.87,182.97,206.9,8,3,2023
2023-08-23,Teclado,Accesorios,Norte,Pedro,4,79.99,319.96,153.43,166.53,8,3,2023
2023-08-24,Laptop,Computadoras,Norte,Ana,11,899.99,9899.89,4483.22,5416.67,8,3,2023
2023-08-24,Mouse,Accesorios,Oeste,Ana,18,29.99,539.82,238.1,301.72,8,3,2023
2023-08-24,Teclado,Accesorios,Oeste,Luis,11,79.99,879.89,436.96,442.93,8,3,2023
2023-08-25,Laptop,Computadoras,Oeste,Pedro,4,899.99,3599.96,1633.33,1966.63,8,3,2023
2023-08-25,Mouse,Accesorios,Oeste,Carlos,18,29.99,539.82,246.96,292.86,8,3,2023
2023-08-25,Teclado,Accesorios,Este,María,1,79.99,79.99,42.5,37.49,8,3,2023
2023-08-26,Laptop,Computadoras,Sur,Ana,7,899.99,6299.93,3740.32,2559.61,8,3,2023
2023-08-26,Mouse,Accesorios,Norte,María,6,29.99,179.94,93.7,86.24,8,3,2023
2023-08-26,Teclado,Accesorios,Oeste,María,15,79.99,1199.85,498.41,701.44,8,3,2023
2023-08-27,Laptop,Computadoras,Oeste,Luis,18,899.99,16199.82,6724.82,9475.0,8,3,2023
2023-08-27,Mouse,Accesorios,Oeste,Pedro,11,29.99,329.89,194.73,135.16,8,3,2023
2023-08-27,Teclado,Accesorios,Este,Ana,15,79.99,1199.85,551.28,648.57,8,3,2023
2023-08-28,Laptop,Computadoras,Oeste,María,16,899.99,14399.84,6025.09,8374.75,8,3,2023
2023-08-28,Mouse,Accesorios,Oeste,Ana,7,29.99,209.93,109.12,100.81,8,3,2023
2023-08-28,Teclado,Accesorios,Oeste,Carlos,10,79.99,799.9,419.73,380.17,8,3,2023
2023-08-29,Laptop,Computadoras,Sur,Luis,12,899.99,10799.88,5720.71,5079.17,8,3,2023
2023-08-29,Mouse,Accesorios,Este,Carlos,14,29.99,419.86,190.4,229.46,8,3,2023
2023-08-29,Teclado,Accesorios,Oeste,Ana,5,79.99,399.95,161.19,238.76,8,3,2023
2023-08-30,Laptop,Computadoras,Norte,Ana,18,899.99,16199.82,9606.54,6593.28,8,3,2023
2023-08-30,Mouse,Accesorios,Norte,Pedro,5,29.99,149.95,67.5,82.45,8,3,2023
2023-08-30,Teclado,Accesorios,Norte,María,3,79.99,239.97,128.43,111.54,8,3,2023
2023-08-31,Laptop,Computadoras,Este,María,5,899.99,4499.95,2435.94,2064.01,8,3,2023
2023-08-31,Mouse,Accesorios,Este,Carlos,17,29.99,509.83,266.13,243.7,8,3,2023
2023-08-31,Teclado,Accesorios,Norte,Luis,19,79.99,1519.81,703.04,816.77,8,3,2023
2023-09-01,Laptop,Computadoras,Oeste,María,19,899.99,17099.81,7767.06,9332.75,9,3,2023
2023-09-01,Mouse,Accesorios,Este,Pedro,12,29.99,359.88,186.97,172.91,9,3,2023
2023-09-01,Teclado,Accesorios,Norte,Carlos,9,79.99,719.91,412.67,307.24,9,3,2023
2023-09-02,Laptop,Computadoras,Norte,Carlos,1,899.99,899.99,530.41,369.58,9,3,2023
2023-09-02,Mouse,Accesorios,Oeste,Pedro,18,29.99,539.82,227.36,312.46,9,3,2023
2023-09-02,Teclado,Accesorios,Sur,Luis,4,79.99,319.96,137.89,182.07,9,3,2023
2023-09-03,Laptop,Computadoras,Este,Pedro,10,899.99,8999.9,5300.47,3699.43,9,3,2023
2023-09-03,Mouse,Accesorios,Oeste,Luis,7,29.99,209.93,114.9,95.03,9,3,2023
2023-09-03,Teclado,Accesorios,Norte,Pedro,1,79.99,79.99,46.12,33.87,9,3,2023
2023-09-04,Laptop,Computadoras,Norte,Pedro,17,899.99,15299.83,6739.98,8559.85,9,3,2023
2023-09-04,Mouse,Accesorios,Oeste,Ana,2,29.99,59.98,31.04,28.94,9,3,2023
2023-09-04,Teclado,Accesorios,Este,Carlos,11,79.99,879.89,475.34,404.55,9,3,2023
2023-09-05,Laptop,Computadoras,Sur,Pedro,9,899.99,8099.91,4341.73,3758.18,9,3,2023
2023-09-05,Mouse,Accesorios,Sur,Pedro,7,29.99,209.93,101.11,108.82,9,3,2023
2023-09-05,Teclado,Accesorios,Norte,María,17,79.99,1359.83,548.12,811.71,9,3,2023
2023-09-06,Laptop,Computadoras,Este,Carlos,17,899.99,15299.83,7903.67,7396.16,9,3,2023
2023-09-06,Mouse,Accesorios,Sur,María,2,29.99,59.98,27.03,32.95,9,3,2023
2023-09-06,Teclado,Accesorios,Este,Carlos,6,79.99,479.94,235.2,244.74,9,3,2023
2023-09-07,Laptop,Computadoras,Este,María,14,899.99,12599.86,7453.02,5146.84,9,3,2023
2023-09-07,Mouse,Accesorios,Norte,Pedro,6,29.99,179.94,86.34,93.6,9,3,2023
2023-09-07,Teclado,Accesorios,Sur,Pedro,2,79.99,159.98,90.86,69.12,9,3,2023
2023-09-08,Laptop,Computadoras,Oeste,Ana,1,899.99,899.99,393.93,506.06,9,3,2023
2023-09-08,Mouse,Accesorios,Norte,María,10,29.99,299.9,160.29,139.61,9,3,2023
2023-09-08,Teclado,Accesorios,Sur,Luis,5,79.99,399.95,238.13,161.82,9,3,2023
2023-09-09,Laptop,Computadoras,Sur,Ana,2,899.99,1799.98,756.67,1043.31,9,3,2023
2023-09-09,Mouse,Accesorios,Sur,María,16,29.99,479.84,192.73,287.11,9,3,2023
2023-09-09,Teclado,Accesorios,Sur,María,2,79.99,159.98,77.86,82.12,9,3,2023
2023-09-10,Laptop,Computadoras,Sur,Ana,10,899.99,8999.9,3766.68,5233.22,9,3,2023
2023-09-10,Mouse,Accesorios,Este,Pedro,2,29.99,59.98,32.97,27.01,9,3,2023
2023-09-10,Teclado,Accesorios,Norte,María,16,79.99,1279.84,746.03,533.81,9,3,2023
2023-09-11,Laptop,Computadoras,Este,Pedro,16,899.99,14399.84,7009.9,7389.94,9,3,2023
2023-09-11,Mouse,Accesorios,Oeste,Ana,19,29.99,569.81,257.41,312.4,9,3,2023
2023-09-11,Teclado,Accesorios,Sur,Pedro,7,79.99,559.93,272.62,287.31,9,3,2023
2023-09-12,Laptop,Computadoras,Norte,Carlos,12,899.99,10799.88,5882.58,4917.3,9,3,2023
2023-09-12,Mouse,Accesorios,Sur,Luis,15,29.99,449.85,180.75,269.1,9,3,2023
2023-09-12,Teclado,Accesorios,Norte,María,8,79.99,639.92,331.41,308.51,9,3,2023
2023-09-13,Laptop,Computadoras,Este,Luis,6,899.99,5399.94,2822.32,2577.62,9,3,2023
2023-09-13,Mouse,Accesorios,Norte,Pedro,10,29.99,299.9,158.21,141.69,9,3,2023
2023-09-13,Teclado,Accesorios,Oeste,María,3,79.99,239.97,107.6,132.37,9,3,2023
2023-09-14,Laptop,Computadoras,Oeste,Pedro,19,899.99,17099.81,9281.96,7817.85,9,3,2023
2023-09-14,Mouse,Accesorios,Norte,Carlos,17,29.99,509.83,213.25,296.58,9,3,2023
2023-09-14,Teclado,Accesorios,Norte,Ana,7,79.99,559.93,246.29,313.64,9,3,2023
2023-09-15,Laptop,Computadoras,Norte,María,4,899.99,3599.96,2071.76,1528.2,9,3,2023
2023-09-15,Mouse,Accesorios,Norte,Carlos,14,29.99,419.86,229.98,189.88,9,3,2023
2023-09-15,Teclado,Accesorios,Oeste,Carlos,15,79.99,1199.85,483.24,716.61,9,3,2023
2023-09-16,Laptop,Computadoras,Sur,María,8,899.99,7199.92,3237.63,3962.29,9,3,2023
2023-09-16,Mouse,Accesorios,Norte,Pedro,15,29.99,449.85,199.23,250.62,9,3,2023
2023-09-16,Teclado,Accesorios,Norte,Carlos,14,79.99,1119.86,508.6,611.26,9,3,2023
2023-09-17,Laptop,Computadoras,Oeste,Luis,9,899.99,8099.91,3641.01,4458.9,9,3,2023
2023-09-17,Mouse,Accesorios,Oeste,Carlos,8,29.99,239.92,98.97,140.95,9,3,2023
2023-09-17,Teclado,Accesorios,Este,Pedro,17,79.99,1359.83,668.75,691.08,9,3,2023
2023-09-18,Laptop,Computadoras,Norte,Pedro,2,899.99,1799.98,983.77,816.21,9,3,2023
2023-09-18,Mouse,Accesorios,Este,Luis,3,29.99,89.97,46.91,43.06,9,3,2023
2023-09-18,Teclado,Accesorios,Oeste,Carlos,8,79.99,639.92,342.08,297.84,9,3,2023
2023-09-19,Laptop,Computadoras,Oeste,Pedro,12,899.99,10799.88,4495.23,6304.65,9,3,2023
2023-09-19,Mouse,Accesorios,Sur,María,1,29.99,29.99,17.7,12.29,9,3,2023
2023-09-19,Teclado,Accesorios,Norte,Ana,10,79.99,799.9,454.1,345.8,9,3,2023
2023-09-20,Laptop,Computadoras,Este,Ana,3,899.99,2699.97,1514.73,1185.24,9,3,2023
2023-09-20,Mouse,Accesorios,Oeste,Ana,6,29.99,179.94,101.59,78.35,9,3,2023
2023-09-20,Teclado,Accesorios,Oeste,Carlos,7,79.99,559.93,328.42,231.51,9,3,2023
2023-09-21,Laptop,Computadoras,Este,Luis,18,899.99,16199.82,8243.29,7956.53,9,3,2023
2023-09-21,Mouse,Accesorios,Sur,Pedro,11,29.99,329.89,145.17,184.72,9,3,2023
2023-09-21,Teclado,Accesorios,Oeste,María,19,79.99,1519.81,795.4,724.41,9,3,2023
2023-09-22,Laptop,Computadoras,Norte,María,5,899.99,4499.95,2468.57,2031.38,9,3,2023
2023-09-22,Mouse,Accesorios,Oeste,Carlos,19,29.99,569.81,312.02,257.79,9,3,2023
2023-09-22,Teclado,Accesorios,Norte,Ana,11,79.99,879.89,443.72,436.17,9,3,2023
2023-09-23,Laptop,Computadoras,Este,Carlos,12,899.99,10799.88,4467.82,6332.06,9,3,2023
2023-09-23,Mouse,Accesorios,Norte,Luis,10,29.99,299.9,142.22,157.68,9,3,2023
2023-09-23,Teclado,Accesorios,Este,Luis,8,79.99,639.92,373.81,266.11,9,3,2023
2023-09-24,Laptop,Computadoras,Norte,Pedro,9,899.99,8099.91,4186.76,3913.15,9,3,2023
2023-09-24,Mouse,Accesorios,Este,Pedro,4,29.99,119.96,60.9,59.06,9,3,2023
2023-09-24,Teclado,Accesorios,Norte,Luis,5,79.99,399.95,181.49,218.46,9,3,2023
2023-09-25,Laptop,Computadoras,Sur,Luis,8,899.99,7199.92,3410.53,3789.39,9,3,2023
2023-09-25,Mouse,Accesorios,Norte,Luis,9,29.99,269.91,156.3,113.61,9,3,2023
2023-09-25,Teclado,Accesorios,Norte,Carlos,15,79.99,1199.85,639.87,559.98,9,3,2023
2023-09-26,Laptop,Computadoras,Sur,Luis,15,899.99,13499.85,7525.86,5973.99,9,3,2023
2023-09-26,Mouse,Accesorios,Oeste,María,16,29.99,479.84,235.54,244.3,9,3,2023
2023-09-26,Teclado,Accesorios,Oeste,Ana,14,79.99,1119.86,589.1,530.76,9,3,2023
2023-09-27,Laptop,Computadoras,Norte,Luis,8,899.99,7199.92,3237.64,3962.28,9,3,2023
2023-09-27,Mouse,Accesorios,Sur,Ana,18,29.99,539.82,292.09,247.73,9,3,2023
2023-09-27,Teclado,Accesorios,Norte,Carlos,10,79.99,799.9,388.37,411.53,9,3,2023
2023-09-28,Laptop,Computadoras,Este,Ana,6,899.99,5399.94,2637.92,2762.02,9,3,2023
2023-09-28,Mouse,Accesorios,Este,Carlos,12,29.99,359.88,190.69,169.19,9,3,2023
2023-09-28,Teclado,Accesorios,Norte,María,2,79.99,159.98,93.95,66.03,9,3,2023
2023-09-29,Laptop,Computadoras,Oeste,Carlos,7,899.99,6299.93,2600.62,3699.31,9,3,2023
2023-09-29,Mouse,Accesorios,Oeste,Carlos,16,29.99,479.84,271.08,208.76,9,3,2023
2023-09-29,Teclado,Accesorios,Norte,Pedro,3,79.99,239.97,110.02,129.95,9,3,2023
2023-09-30,Laptop,Computadoras,Norte,Luis,13,899.99,11699.87,5718.71,5981.16,9,3,2023
2023-09-30,Mouse,Accesorios,Este,Luis,3,29.99,89.97,36.38,53.59,9,3,2023
2023-09-30,Teclado,Accesorios,Oeste,María,18,79.99,1439.82,662.62,777.2,9,3,2023
2023-10-01,Laptop,Computadoras,Norte,María,11,899.99,9899.89,4955.15,4944.74,10,4,2023
2023-10-01,Mouse,Accesorios,Este,Luis,8,29.99,239.92,98.66,141.26,10,4,2023
2023-10-01,Teclado,Accesorios,Oeste,Pedro,6,79.99,479.94,239.12,240.82,10,4,2023
2023-10-02,Laptop,Computadoras,Sur,Luis,1,899.99,899.99,526.87,373.12,10,4,2023
2023-10-02,Mouse,Accesorios,Este,Pedro,1,29.99,29.99,12.63,17.36,10,4,2023
2023-10-02,Teclado,Accesorios,Oeste,María,8,79.99,639.92,353.8,286.12,10,4,2023
2023-10-03,Laptop,Computadoras,Oeste,Ana,5,899.99,4499.95,2168.68,2331.27,10,4,2023
2023-10-03,Mouse,Accesorios,Este,María,16,29.99,479.84,254.81,225.03,10,4,2023
2023-10-03,Teclado,Accesorios,Sur,María,11,79.99,879.89,397.75,482.14,10,4,2023
2023-10-04,Laptop,Computadoras,Este,Carlos,5,899.99,4499.95,1943.52,2556.43,10,4,2023
2023-10-04,Mouse,Accesorios,Oeste,Carlos,4,29.99,119.96,51.83,68.13,10,4,2023
2023-10-04,Teclado,Accesorios,Norte,Carlos,6,79.99,479.94,198.74,281.2,10,4,2023
2023-10-05,Laptop,Computadoras,Norte,Carlos,14,899.99,12599.86,5507.77,7092.09,10,4,2023
2023-10-05,Mouse,Accesorios,Este,Pedro,19,29.99,569.81,303.62,266.19,10,4,2023
2023-10-05,Teclado,Accesorios,Oeste,Luis,9,79.99,719.91,414.91,305.0,10,4,2023
2023-10-06,Laptop,Computadoras,Norte,Ana,12,899.99,10799.88,6078.44,4721.44,10,4,2023
2023-10-06,Mouse,Accesorios,Oeste,María,11,29.99,329.89,177.16,152.73,10,4,2023
2023-10-06,Teclado,Accesorios,Este,Pedro,14,79.99,1119.86,472.68,647.18,10,4,2023
2023-10-07,Laptop,Computadoras,Norte,Ana,16,899.99,14399.84,6592.79,7807.05,10,4,2023
2023-10-07,Mouse,Accesorios,Oeste,Pedro,1,29.99,29.99,13.85,16.14,10,4,2023
2023-10-07,Teclado,Accesorios,Norte,Pedro,13,79.99,1039.87,467.93,571.94,10,4,2023
2023-10-08,Laptop,Computadoras,Este,María,13,899.99,11699.87,5885.05,5814.82,10,4,2023
2023-10-08,Mouse,Accesorios,Oeste,Luis,2,29.99,59.98,30.42,29.56,10,4,2023
2023-10-08,Teclado,Accesorios,Norte,Carlos,4,79.99,319.96,150.82,169.14,10,4,2023
2023-10-09,Laptop,Computadoras,Este,Luis,6,899.99,5399.94,2542.06,2857.88,10,4,2023
2023-10-09,Mouse,Accesorios,Norte,María,5,29.99,149.95,84.83,65.12,10,4,2023
2023-10-09,Teclado,Accesorios,Norte,María,3,79.99,239.97,133.87,106.1,10,4,2023
2023-10-10,Laptop,Computadoras,Sur,María,1,899.99,899.99,415.4,484.59,10,4,2023
2023-10-10,Mouse,Accesorios,Sur,Ana,4,29.99,119.96,69.91,50.05,10,4,2023
2023-10-10,Teclado,Accesorios,Este,Luis,2,79.99,159.98,94.48,65.5,10,4,2023
2023-10-11,Laptop,Computadoras,Sur,Luis,5,899.99,4499.95,2094.05,2405.9,10,4,2023
2023-10-11,Mouse,Accesorios,Este,Pedro,3,29.99,89.97,42.37,47.6,10,4,2023
2023-10-11,Teclado,Accesorios,Sur,Pedro,9,79.99,719.91,360.77,359.14,10,4,2023
2023-10-12,Laptop,Computadoras,Norte,Pedro,6,899.99,5399.94,3176.38,2223.56,10,4,2023
2023-10-12,Mouse,Accesorios,Este,María,18,29.99,539.82,310.54,229.28,10,4,2023
2023-10-12,Teclado,Accesorios,Este,Luis,6,79.99,479.94,201.82,278.12,10,4,2023
2023-10-13,Laptop,Computadoras,Norte,María,19,899.99,17099.81,8183.05,8916.76,10,4,2023
2023-10-13,Mouse,Accesorios,Este,Ana,12,29.99,359.88,183.78,176.1,10,4,2023
2023-10-13,Teclado,Accesorios,Este,Pedro,11,79.99,879.89,440.5,439.39,10,4,2023
2023-10-14,Laptop,Computadoras,Sur,María,2,899.99,1799.98,789.78,1010.2,10,4,2023
2023-10-14,Mouse,Accesorios,Este,María,15,29.99,449.85,257.21,192.64,10,4,2023
2023-10-14,Teclado,Accesorios,Oeste,Ana,12,79.99,959.88,513.91,445.97,10,4,2023
2023-10-15,Laptop,Computadoras,Norte,Carlos,12,899.99,10799.88,6129.81,4670.07,10,4,2023
2023-10-15,Mouse,Accesorios,Sur,Luis,9,29.99,269.91,154.32,115.59,10,4,2023
2023-10-15,Teclado,Accesorios,Sur,Carlos,2,79.99,159.98,87.94,72.04,10,4,2023
2023-10-16,Laptop,Computadoras,Oeste,Pedro,3,899.99,2699.97,1317.16,1382.81,10,4,2023
2023-10-16,Mouse,Accesorios,Norte,María,12,29.99,359.88,187.9,171.98,10,4,2023
2023-10-16,Teclado,Accesorios,Norte,Ana,16,79.99,1279.84,552.98,726.86,10,4,2023
2023-10-17,Laptop,Computadoras,Sur,Ana,1,899.99,899.99,481.25,418.74,10,4,2023
2023-10-17,Mouse,Accesorios,Este,Luis,3,29.99,89.97,39.21,50.76,10,4,2023
2023-10-17,Teclado,Accesorios,Sur,Carlos,2,79.99,159.98,86.2,73.78,10,4,2023
2023-10-18,Laptop,Computadoras,Norte,Luis,9,899.99,8099.91,3611.91,4488.0,10,4,2023
2023-10-18,Mouse,Accesorios,Oeste,María,19,29.99,569.81,241.32,328.49,10,4,2023
2023-10-18,Teclado,Accesorios,Sur,Luis,15,79.99,1199.85,519.6,680.25,10,4,2023
2023-10-19,Laptop,Computadoras,Norte,Ana,18,899.99,16199.82,6486.38,9713.44,10,4,2023
2023-10-19,Mouse,Accesorios,Sur,Ana,11,29.99,329.89,179.38,150.51,10,4,2023
2023-10-19,Teclado,Accesorios,Este,Pedro,16,79.99,1279.84,699.41,580.43,10,4,2023
2023-10-20,Laptop,Computadoras,Sur,Pedro,17,899.99,15299.83,7695.61,7604.22,10,4,2023
2023-10-20,Mouse,Accesorios,Sur,María,5,29.99,149.95,64.82,85.13,10,4,2023
2023-10-20,Teclado,Accesorios,Norte,Carlos,12,79.99,959.88,399.99,559.89,10,4,2023
2023-10-21,Laptop,Computadoras,Norte,Luis,11,899.99,9899.89,3997.83,5902.06,10,4,2023
2023-10-21,Mouse,Accesorios,Norte,María,15,29.99,449.85,194.85,255.0,10,4,2023
2023-10-21,Teclado,Accesorios,Sur,Pedro,3,79.99,239.97,138.74,101.23,10,4,2023
2023-10-22,Laptop,Computadoras,Este,Luis,1,899.99,899.99,403.47,496.52,10,4,2023
2023-10-22,Mouse,Accesorios,Oeste,Pedro,16,29.99,479.84,225.93,253.91,10,4,2023
2023-10-22,Teclado,Accesorios,Oeste,Luis,2,79.99,159.98,67.36,92.62,10,4,2023
2023-10-23,Laptop,Computadoras,Norte,Carlos,2,899.99,1799.98,800.04,999.94,10,4,2023
2023-10-23,Mouse,Accesorios,Norte,María,3,29.99,89.97,45.33,44.64,10,4,2023
2023-10-23,Teclado,Accesorios,Sur,Luis,8,79.99,639.92,333.75,306.17,10,4,2023
2023-10-24,Laptop,Computadoras,Oeste,Ana,15,899.99,13499.85,6062.38,7437.47,10,4,2023
2023-10-24,Mouse,Accesorios,Norte,Ana,7,29.99,209.93,86.4,123.53,10,4,2023
2023-10-24,Teclado,Accesorios,Este,Luis,6,79.99,479.94,229.51,250.43,10,4,2023
2023-10-25,Laptop,Computadoras,Este,Luis,9,899.99,8099.91,3619.37,4480.54,10,4,2023
2023-10-25,Mouse,Accesorios,Norte,Luis,1,29.99,29.99,13.31,16.68,10,4,2023
2023-10-25,Teclado,Accesorios,Norte,Ana,8,79.99,639.92,378.82,261.1,10,4,2023
2023-10-26,Laptop,Computadoras,Oeste,Ana,3,899.99,2699.97,1412.79,1287.18,10,4,2023
2023-10-26,Mouse,Accesorios,Oeste,Luis,4,29.99,119.96,61.34,58.62,10,4,2023
2023-10-26,Teclado,Accesorios,Sur,Pedro,15,79.99,1199.85,579.71,620.14,10,4,2023
2023-10-27,Laptop,Computadoras,Oeste,Pedro,6,899.99,5399.94,2623.23,2776.71,10,4,2023
2023-10-27,Mouse,Accesorios,Este,Carlos,15,29.99,449.85,228.61,221.24,10,4,2023
2023-10-27,Teclado,Accesorios,Este,María,3,79.99,239.97,129.41,110.56,10,4,2023
2023-10-28,Laptop,Computadoras,Norte,Pedro,14,899.99,12599.86,6809.33,5790.53,10,4,2023
2023-10-28,Mouse,Accesorios,Oeste,Ana,14,29.99,419.86,182.36,237.5,10,4,2023
2023-10-28,Teclado,Accesorios,Sur,Pedro,4,79.99,319.96,159.99,159.97,10,4,2023
2023-10-29,Laptop,Computadoras,Este,Carlos,12,899.99,10799.88,5209.77,5590.11,10,4,2023
2023-10-29,Mouse,Accesorios,Este,Carlos,17,29.99,509.83,292.7,217.13,10,4,2023
2023-10-29,Teclado,Accesorios,Sur,María,7,79.99,559.93,294.68,265.25,10,4,2023
2023-10-30,Laptop,Computadoras,Sur,Pedro,9,899.99,8099.91,4102.61,3997.3,10,4,2023
2023-10-30,Mouse,Accesorios,Este,Ana,3,29.99,89.97,38.06,51.91,10,4,2023
2023-10-30,Teclado,Accesorios,Este,Ana,13,79.99,1039.87,541.9,497.97,10,4,2023
2023-10-31,Laptop,Computadoras,Sur,Luis,15,899.99,13499.85,5716.39,7783.46,10,4,2023
2023-10-31,Mouse,Accesorios,Este,Ana,18,29.99,539.82,252.33,287.49,10,4,2023
2023-10-31,Teclado,Accesorios,Norte,María,19,79.99,1519.81,651.34,868.47,10,4,2023
2023-11-01,Laptop,Computadoras,Norte,María,1,899.99,899.99,484.57,415.42,11,4,2023
2023-11-01,Mouse,Accesorios,Sur,Ana,6,29.99,179.94,79.4,100.54,11,4,2023
2023-11-01,Teclado,Accesorios,Oeste,Ana,2,79.99,159.98,76.53,83.45,11,4,2023
2023-11-02,Laptop,Computadoras,Sur,Luis,14,899.99,12599.86,7297.02,5302.84,11,4,2023
2023-11-02,Mouse,Accesorios,Sur,Ana,6,29.99,179.94,79.33,100.61,11,4,2023
2023-11-02,Teclado,Accesorios,Oeste,Luis,14,79.99,1119.86,561.68,558.18,11,4,2023
2023-11-03,Laptop,Computadoras,Oeste,Luis,4,899.99,3599.96,1741.86,1858.1,11,4,2023
2023-11-03,Mouse,Accesorios,Oeste,Ana,8,29.99,239.92,96.84,143.08,11,4,2023
2023-11-03,Teclado,Accesorios,Norte,Carlos,3,79.99,239.97,134.04,105.93,11,4,2023
2023-11-04,Laptop,Computadoras,Este,Carlos,19,899.99,17099.81,7076.06,10023.75,11,4,2023
2023-11-04,Mouse,Accesorios,Norte,Luis,14,29.99,419.86,207.77,212.09,11,4,2023
2023-11-04,Teclado,Accesorios,Este,Ana,17,79.99,1359.83,696.42,663.41,11,4,2023
2023-11-05,Laptop,Computadoras,Norte,Carlos,8,899.99,7199.92,3784.89,3415.03,11,4,2023
2023-11-05,Mouse,Accesorios,Este,Ana,14,29.99,419.86,225.77,194.09,11,4,2023
2023-11-05,Teclado,Accesorios,Norte,Ana,6,79.99,479.94,216.29,263.65,11,4,2023
2023-11-06,Laptop,Computadoras,Oeste,Ana,16,899.99,14399.84,5788.67,8611.17,11,4,2023
2023-11-06,Mouse,Accesorios,Sur,Pedro,19,29.99,569.81,310.37,259.44,11,4,2023
2023-11-06,Teclado,Accesorios,Norte,Ana,14,79.99,1119.86,567.92,551.94,11,4,2023
2023-11-07,Laptop,Computadoras,Este,Pedro,19,899.99,17099.81,9699.41,7400.4,11,4,2023
2023-11-07,Mouse,Accesorios,Oeste,Luis,3,29.99,89.97,50.77,39.2,11,4,2023
2023-11-07,Teclado,Accesorios,Norte,Carlos,10,79.99,799.9,454.88,345.02,11,4,2023
2023-11-08,Laptop,Computadoras,Norte,Carlos,19,899.99,17099.81,8498.93,8600.88,11,4,2023
2023-11-08,Mouse,Accesorios,Oeste,Carlos,9,29.99,269.91,125.97,143.94,11,4,2023
2023-11-08,Teclado,Accesorios,Norte,Carlos,13,79.99,1039.87,580.57,459.3,11,4,2023
2023-11-09,Laptop,Computadoras,Sur,Carlos,7,899.99,6299.93,3088.6,3211.33,11,4,2023
2023-11-09,Mouse,Accesorios,Norte,Carlos,14,29.99,419.86,183.35,236.51,11,4,2023
2023-11-09,Teclado,Accesorios,Sur,Carlos,9,79.99,719.91,411.06,308.85,11,4,2023
2023-11-10,Laptop,Computadoras,Sur,Luis,19,899.99,17099.81,9858.25,7241.56,11,4,2023
2023-11-10,Mouse,Accesorios,Oeste,Ana,15,29.99,449.85,221.89,227.96,11,4,2023
2023-11-10,Teclado,Accesorios,Norte,María,14,79.99,1119.86,464.9,654.96,11,4,2023
2023-11-11,Laptop,Computadoras,Oeste,Pedro,6,899.99,5399.94,2578.82,2821.12,11,4,2023
2023-11-11,Mouse,Accesorios,Norte,María,4,29.99,119.96,67.26,52.7,11,4,2023
2023-11-11,Teclado,Accesorios,Norte,María,8,79.99,639.92,371.38,268.54,11,4,2023
2023-11-12,Laptop,Computadoras,Este,Ana,17,899.99,15299.83,6742.55,8557.28,11,4,2023
2023-11-12,Mouse,Accesorios,Norte,Ana,9,29.99,269.91,111.58,158.33,11,4,2023
2023-11-12,Teclado,Accesorios,Oeste,Ana,1,79.99,79.99,46.03,33.96,11,4,2023
2023-11-13,Laptop,Computadoras,Sur,Carlos,14,899.99,12599.86,6021.23,6578.63,11,4,2023
2023-11-13,Mouse,Accesorios,Norte,Luis,11,29.99,329.89,167.7,162.19,11,4,2023
2023-11-13,Teclado,Accesorios,Este,Carlos,3,79.99,239.97,142.45,97.52,11,4,2023
2023-11-14,Laptop,Computadoras,Oeste,Luis,9,899.99,8099.91,3347.8,4752.11,11,4,2023
2023-11-14,Mouse,Accesorios,Norte,Luis,14,29.99,419.86,222.38,197.48,11,4,2023
2023-11-14,Teclado,Accesorios,Oeste,María,9,79.99,719.91,298.63,421.28,11,4,2023
2023-11-15,Laptop,Computadoras,Este,María,4,899.99,3599.96,1710.32,1889.64,11,4,2023
2023-11-15,Mouse,Accesorios,Este,Luis,4,29.99,119.96,67.27,52.69,11,4,2023
2023-11-15,Teclado,Accesorios,Oeste,Luis,8,79.99,639.92,311.45,328.47,11,4,2023
2023-11-16,Laptop,Computadoras,Norte,Carlos,2,899.99,1799.98,1078.97,721.01,11,4,2023
2023-11-16,Mouse,Accesorios,Sur,Carlos,9,29.99,269.91,138.14,131.77,11,4,2023
2023-11-16,Teclado,Accesorios,Este,María,14,79.99,1119.86,519.88,599.98,11,4,2023
2023-11-17,Laptop,Computadoras,Norte,Ana,9,899.99,8099.91,3596.54,4503.37,11,4,2023
2023-11-17,Mouse,Accesorios,Norte,Luis,16,29.99,479.84,225.57,254.27,11,4,2023
2023-11-17,Teclado,Accesorios,Sur,Carlos,17,79.99,1359.83,645.25,714.58,11,4,2023
2023-11-18,Laptop,Computadoras,Este,María,16,899.99,14399.84,5957.83,8442.01,11,4,2023
2023-11-18,Mouse,Accesorios,Este,Carlos,12,29.99,359.88,170.55,189.33,11,4,2023
2023-11-18,Teclado,Accesorios,Norte,Luis,3,79.99,239.97,118.27,121.7,11,4,2023
2023-11-19,Laptop,Computadoras,Norte,Luis,11,899.99,9899.89,5390.96,4508.93,11,4,2023
2023-11-19,Mouse,Accesorios,Sur,Pedro,14,29.99,419.86,223.09,196.77,11,4,2023
2023-11-19,Teclado,Accesorios,Sur,Ana,18,79.99,1439.82,780.03,659.79,11,4,2023
2023-11-20,Laptop,Computadoras,Este,Pedro,5,899.99,4499.95,1807.51,2692.44,11,4,2023
2023-11-20,Mouse,Accesorios,Oeste,María,16,29.99,479.84,212.83,267.01,11,4,2023
2023-11-20,Teclado,Accesorios,Este,Carlos,5,79.99,399.95,212.91,187.04,11,4,2023
2023-11-21,Laptop,Computadoras,Norte,María,3,899.99,2699.97,1341.34,1358.63,11,4,2023
2023-11-21,Mouse,Accesorios,Este,Luis,12,29.99,359.88,144.33,215.55,11,4,2023
2023-11-21,Teclado,Accesorios,Oeste,Pedro,1,79.99,79.99,44.87,35.12,11,4,2023
2023-11-22,Laptop,Computadoras,Sur,Pedro,9,899.99,8099.91,4491.9,3608.01,11,4,2023
2023-11-22,Mouse,Accesorios,Oeste,Pedro,9,29.99,269.91,137.57,132.34,11,4,2023
2023-11-22,Teclado,Accesorios,Oeste,María,4,79.99,319.96,132.24,187.72,11,4,2023
2023-11-23,Laptop,Computadoras,Oeste,Luis,3,899.99,2699.97,1493.9,1206.07,11,4,2023
2023-11-23,Mouse,Accesorios,Sur,Carlos,17,29.99,509.83,263.45,246.38,11,4,2023
2023-11-23,Teclado,Accesorios,Oeste,Carlos,2,79.99,159.98,89.01,70.97,11,4,2023
2023-11-24,Laptop,Computadoras,Oeste,María,1,899.99,899.99,495.31,404.68,11,4,2023
2023-11-24,Mouse,Accesorios,Oeste,Pedro,8,29.99,239.92,134.5,105.42,11,4,2023
2023-11-24,Teclado,Accesorios,Norte,Ana,13,79.99,1039.87,523.68,516.19,11,4,2023
2023-11-25,Laptop,Computadoras,Oeste,María,15,899.99,13499.85,5778.81,7721.04,11,4,2023
2023-11-25,Mouse,Accesorios,Sur,María,8,29.99,239.92,128.17,111.75,11,4,2023
2023-11-25,Teclado,Accesorios,Oeste,Luis,12,79.99,959.88,503.07,456.81,11,4,2023
2023-11-26,Laptop,Computadoras,Oeste,Carlos,12,899.99,10799.88,5923.2,4876.68,11,4,2023
2023-11-26,Mouse,Accesorios,Sur,María,14,29.99,419.86,182.21,237.65,11,4,2023
2023-11-26,Teclado,Accesorios,Oeste,María,15,79.99,1199.85,526.73,673.12,11,4,2023
2023-11-27,Laptop,Computadoras,Sur,Pedro,15,899.99,13499.85,7804.02,5695.83,11,4,2023
2023-11-27,Mouse,Accesorios,Oeste,Pedro,9,29.99,269.91,148.45,121.46,11,4,2023
2023-11-27,Teclado,Accesorios,Sur,Ana,19,79.99,1519.81,883.99,635.82,11,4,2023
2023-11-28,Laptop,Computadoras,Oeste,Luis,8,899.99,7199.92,3972.51,3227.41,11,4,2023
2023-11-28,Mouse,Accesorios,Oeste,Ana,19,29.99,569.81,295.98,273.83,11,4,2023
2023-11-28,Teclado,Accesorios,Norte,Pedro,6,79.99,479.94,254.76,225.18,11,4,2023
2023-11-29,Laptop,Computadoras,Norte,Carlos,19,899.99,17099.81,9880.71,7219.1,11,4,2023
2023-11-29,Mouse,Accesorios,Oeste,Pedro,4,29.99,119.96,61.87,58.09,11,4,2023
2023-11-29,Teclado,Accesorios,Oeste,Luis,7,79.99,559.93,294.79,265.14,11,4,2023
2023-11-30,Laptop,Computadoras,Este,Pedro,4,899.99,3599.96,1552.65,2047.31,11,4,2023
2023-11-30,Mouse,Accesorios,Sur,Luis,12,29.99,359.88,178.06,181.82,11,4,2023
2023-11-30,Teclado,Accesorios,Este,Luis,13,79.99,1039.87,564.94,474.93,11,4,2023
2023-12-01,Laptop,Computadoras,Norte,Luis,3,899.99,2699.97,1226.3,1473.67,12,4,2023
2023-12-01,Mouse,Accesorios,Norte,Luis,12,29.99,359.88,158.51,201.37,12,4,2023
2023-12-01,Teclado,Accesorios,Norte,Luis,2,79.99,159.98,74.03,85.95,12,4,2023
2023-12-02,Laptop,Computadoras,Norte,Carlos,2,899.99,1799.98,806.93,993.05,12,4,2023
2023-12-02,Mouse,Accesorios,Oeste,Ana,9,29.99,269.91,119.57,150.34,12,4,2023
2023-12-02,Teclado,Accesorios,Norte,María,1,79.99,79.99,38.79,41.2,12,4,2023
2023-12-03,Laptop,Computadoras,Oeste,Ana,8,899.99,7199.92,4187.24,3012.68,12,4,2023
2023-12-03,Mouse,Accesorios,Oeste,Luis,6,29.99,179.94,90.22,89.72,12,4,2023
2023-12-03,Teclado,Accesorios,Norte,Carlos,6,79.99,479.94,210.01,269.93,12,4,2023
2023-12-04,Laptop,Computadoras,Norte,Pedro,18,899.99,16199.82,6729.31,9470.51,12,4,2023
2023-12-04,Mouse,Accesorios,Sur,Carlos,17,29.99,509.83,274.92,234.91,12,4,2023
2023-12-04,Teclado,Accesorios,Este,Luis,12,79.99,959.88,457.44,502.44,12,4,2023
2023-12-05,Laptop,Computadoras,Norte,Carlos,6,899.99,5399.94,3047.54,2352.4,12,4,2023
2023-12-05,Mouse,Accesorios,Sur,Carlos,8,29.99,239.92,127.61,112.31,12,4,2023
2023-12-05,Teclado,Accesorios,Sur,Luis,19,79.99,1519.81,849.95,669.86,12,4,2023
2023-12-06,Laptop,Computadoras,Este,Carlos,10,899.99,8999.9,4089.46,4910.44,12,4,2023
2023-12-06,Mouse,Accesorios,Oeste,María,1,29.99,29.99,16.15,13.84,12,4,2023
2023-12-06,Teclado,Accesorios,Norte,María,13,79.99,1039.87,470.87,569.0,12,4,2023
2023-12-07,Laptop,Computadoras,Este,Carlos,17,899.99,15299.83,8993.45,6306.38,12,4,2023
2023-12-07,Mouse,Accesorios,Norte,Pedro,3,29.99,89.97,47.44,42.53,12,4,2023
2023-12-07,Teclado,Accesorios,Sur,Luis,8,79.99,639.92,297.5,342.42,12,4,2023
2023-12-08,Laptop,Computadoras,Sur,María,14,899.99,12599.86,5719.11,6880.75,12,4,2023
2023-12-08,Mouse,Accesorios,Oeste,Pedro,3,29.99,89.97,39.42,50.55,12,4,2023
2023-12-08,Teclado,Accesorios,Sur,Carlos,16,79.99,1279.84,689.74,590.1,12,4,2023
2023-12-09,Laptop,Computadoras,Sur,Pedro,13,899.99,11699.87,5191.74,6508.13,12,4,2023
2023-12-09,Mouse,Accesorios,Este,Ana,17,29.99,509.83,264.63,245.2,12,4,2023
2023-12-09,Teclado,Accesorios,Norte,María,13,79.99,1039.87,470.99,568.88,12,4,2023
2023-12-10,Laptop,Computadoras,Norte,Carlos,6,899.99,5399.94,2874.89,2525.05,12,4,2023
2023-12-10,Mouse,Accesorios,Este,Luis,17,29.99,509.83,287.03,222.8,12,4,2023
2023-12-10,Teclado,Accesorios,Oeste,Carlos,14,79.99,1119.86,622.2,497.66,12,4,2023
2023-12-11,Laptop,Computadoras,Norte,Luis,17,899.99,15299.83,8448.11,6851.72,12,4,2023
2023-12-11,Mouse,Accesorios,Sur,Carlos,8,29.99,239.92,104.98,134.94,12,4,2023
2023-12-11,Teclado,Accesorios,Norte,Pedro,11,79.99,879.89,367.51,512.38,12,4,2023
2023-12-12,Laptop,Computadoras,Sur,Pedro,1,899.99,899.99,485.81,414.18,12,4,2023
2023-12-12,Mouse,Accesorios,Oeste,Pedro,7,29.99,209.93,99.44,110.49,12,4,2023
2023-12-12,Teclado,Accesorios,Este,Ana,17,79.99,1359.83,661.52,698.31,12,4,2023
2023-12-13,Laptop,Computadoras,Norte,Luis,10,899.99,8999.9,3656.03,5343.87,12,4,2023
2023-12-13,Mouse,Accesorios,Este,Pedro,11,29.99,329.89,149.08,180.81,12,4,2023
2023-12-13,Teclado,Accesorios,Norte,Ana,9,79.99,719.91,292.81,427.1,12,4,2023
2023-12-14,Laptop,Computadoras,Sur,Luis,9,899.99,8099.91,4664.23,3435.68,12,4,2023
2023-12-14,Mouse,Accesorios,Este,Carlos,5,29.99,149.95,67.28,82.67,12,4,2023
2023-12-14,Teclado,Accesorios,Norte,Ana,17,79.99,1359.83,695.51,664.32,12,4,2023
2023-12-15,Laptop,Computadoras,Sur,María,9,899.99,8099.91,3303.11,4796.8,12,4,2023
2023-12-15,Mouse,Accesorios,Este,Ana,17,29.99,509.83,271.93,237.9,12,4,2023
2023-12-15,Teclado,Accesorios,Este,Ana,19,79.99,1519.81,706.11,813.7,12,4,2023
2023-12-16,Laptop,Computadoras,Norte,Luis,7,899.99,6299.93,3651.34,2648.59,12,4,2023
2023-12-16,Mouse,Accesorios,Norte,Carlos,9,29.99,269.91,155.91,114.0,12,4,2023
2023-12-16,Teclado,Accesorios,Norte,María,7,79.99,559.93,260.4,299.53,12,4,2023
2023-12-17,Laptop,Computadoras,Sur,Pedro,13,899.99,11699.87,6788.17,4911.7,12,4,2023
2023-12-17,Mouse,Accesorios,Norte,Pedro,11,29.99,329.89,197.68,132.21,12,4,2023
2023-12-17,Teclado,Accesorios,Este,Ana,14,79.99,1119.86,632.81,487.05,12,4,2023
2023-12-18,Laptop,Computadoras,Este,Luis,19,899.99,17099.81,9729.35,7370.46,12,4,2023
2023-12-18,Mouse,Accesorios,Norte,Luis,11,29.99,329.89,148.39,181.5,12,4,2023
2023-12-18,Teclado,Accesorios,Norte,Pedro,13,79.99,1039.87,535.89,503.98,12,4,2023
2023-12-19,Laptop,Computadoras,Oeste,María,14,899.99,12599.86,5209.43,7390.43,12,4,2023
2023-12-19,Mouse,Accesorios,Este,Carlos,13,29.99,389.87,163.35,226.52,12,4,2023
2023-12-19,Teclado,Accesorios,Sur,María,1,79.99,79.99,47.98,32.01,12,4,2023
2023-12-20,Laptop,Computadoras,Oeste,Carlos,8,899.99,7199.92,3350.32,3849.6,12,4,2023
2023-12-20,Mouse,Accesorios,Norte,Pedro,12,29.99,359.88,197.8,162.08,12,4,2023
2023-12-20,Teclado,Accesorios,Norte,Carlos,19,79.99,1519.81,853.12,666.69,12,4,2023
2023-12-21,Laptop,Computadoras,Este,Luis,12,899.99,10799.88,6173.26,4626.62,12,4,2023
2023-12-21,Mouse,Accesorios,Norte,Ana,8,29.99,239.92,143.84,96.08,12,4,2023
2023-12-21,Teclado,Accesorios,Sur,Ana,8,79.99,639.92,286.88,353.04,12,4,2023
2023-12-22,Laptop,Computadoras,Este,Pedro,13,899.99,11699.87,4774.37,6925.5,12,4,2023
2023-12-22,Mouse,Accesorios,Norte,Luis,12,29.99,359.88,173.55,186.33,12,4,2023
2023-12-22,Teclado,Accesorios,Este,María,16,79.99,1279.84,545.23,734.61,12,4,2023
2023-12-23,Laptop,Computadoras,Norte,Luis,1,899.99,899.99,364.03,535.96,12,4,2023
2023-12-23,Mouse,Accesorios,Norte,Ana,13,29.99,389.87,184.05,205.82,12,4,2023
2023-12-23,Teclado,Accesorios,Norte,Ana,7,79.99,559.93,311.74,248.19,12,4,2023
2023-12-24,Laptop,Computadoras,Sur,Luis,5,899.99,4499.95,2309.54,2190.41,12,4,2023
2023-12-24,Mouse,Accesorios,Sur,Luis,8,29.99,239.92,110.98,128.94,12,4,2023
2023-12-24,Teclado,Accesorios,Este,Ana,14,79.99,1119.86,594.5,525.36,12,4,2023
2023-12-25,Laptop,Computadoras,Norte,María,13,899.99,11699.87,5222.86,6477.01,12,4,2023
2023-12-25,Mouse,Accesorios,Norte,Pedro,15,29.99,449.85,181.23,268.62,12,4,2023
2023-12-25,Teclado,Accesorios,Sur,Pedro,17,79.99,1359.83,751.81,608.02,12,4,2023
2023-12-26,Laptop,Computadoras,Norte,Luis,15,899.99,13499.85,7084.03,6415.82,12,4,2023
2023-12-26,Mouse,Accesorios,Sur,Pedro,18,29.99,539.82,298.23,241.59,12,4,2023
2023-12-26,Teclado,Accesorios,Norte,Ana,18,79.99,1439.82,587.14,852.68,12,4,2023
2023-12-27,Laptop,Computadoras,Este,Ana,2,899.99,1799.98,1021.35,778.63,12,4,2023
2023-12-27,Mouse,Accesorios,Norte,Luis,4,29.99,119.96,62.85,57.11,12,4,2023
2023-12-27,Teclado,Accesorios,Norte,Luis,1,79.99,79.99,41.01,38.98,12,4,2023
2023-12-28,Laptop,Computadoras,Oeste,Luis,4,899.99,3599.96,1889.7,1710.26,12,4,2023
2023-12-28,Mouse,Accesorios,Sur,María,18,29.99,539.82,309.26,230.56,12,4,2023
2023-12-28,Teclado,Accesorios,Norte,Pedro,5,79.99,399.95,206.93,193.02,12,4,2023
2023-12-29,Laptop,Computadoras,Norte,Luis,19,899.99,17099.81,8826.75,8273.06,12,4,2023
2023-12-29,Mouse,Accesorios,Oeste,Carlos,15,29.99,449.85,269.07,180.78,12,4,2023
2023-12-29,Teclado,Accesorios,Oeste,Carlos,8,79.99,639.92,352.82,287.1,12,4,2023
2023-12-30,Laptop,Computadoras,Sur,Ana,17,899.99,15299.83,7473.34,7826.49,12,4,2023
2023-12-30,Mouse,Accesorios,Oeste,Pedro,1,29.99,29.99,16.24,13.75,12,4,2023
2023-12-30,Teclado,Accesorios,Este,Luis,12,79.99,959.88,458.67,501.21,12,4,2023
2023-12-31,Laptop,Computadoras,Oeste,Carlos,19,899.99,17099.81,7622.67,9477.14,12,4,2023
2023-12-31,Mouse,Accesorios,Este,Pedro,15,29.99,449.85,233.64,216.21,12,4,2023
2023-12-31,Teclado,Accesorios,Sur,Ana,9,79.99,719.91,421.61,298.3,12,4,2023
